NUTS level,NUTS code,Region name,Dorling,New,SE,Rowthorn,GVA in 1997,GVA in 1998,GVA in 1999,GVA in 2000,GVA in 2001,GVA in 2002,GVA in 2003,GVA in 2004,GVA in 2005,GVA in 2006,GVA in 2007,GVA in 2008,GVA in 2009,GVA in 2010,GVA in 2011,GVA in 2012,GVA in 2013,GVA in 2014,GVA in 2015,GVA in 2016,GVA in  2017,U/E rate - Jul 2004-Jun 2005,U/E rate - Jul 2005-Jun 2006,U/E rate - Jul 2006-Jun 2007,U/E rate - Jul 2007-Jun 2008,U/E rate - Jul 2008-Jun 2009,U/E rate - Jul 2009-Jun 2010,U/E rate - Jul 2010-Jun 2011,U/E rate - Jul 2011-Jun 2012,U/E rate - Jul 2012-Jun 2013,U/E rate - Jul 2013-Jun 2014,U/E rate - Jul 2014-Jun 2015,U/E rate - Jul 2015-Jun 2016,U/E rate - Jul 2016-Jun 2017,U/E rate - Jul 2017-Jun 2018,U/E rate - Jul 2018-Jun 2019,IMD 2019 - Average score ,IMD 2015 - Average score ,LE females 2001-2003,LE females 2002-2004,LE females 2003-2005,LE females 2004-2006,LE females 2005-2007,LE females 2006-2008,LE females 2007-2009,LE females 2008-2010,LE females 2009-2011,LE females 2010-2012,LE females 2011-2013,LE females 2012-2014,LE females 2013-2015,LE females 2014-2016,LE females 2015-2017,LE males 2001-2003,LE males 2002-2004,LE males 2003-2005,LE males 2004-2006,LE males 2005-2007,LE males 2006-2008,LE males 2007-2009,LE males 2008-2010,LE males 2009-2011,LE males 2010-2012,LE males 2011-2013,LE males 2012-2014,LE males 2013-2015,LE males 2014-2016,LE males 2015-2017,GCSE 2018 A*-C %,GCSE 2017 A*-C %,GCSE 2016 A*-C %,GCSE 2015 A*-C %,GCSE 2014 A*-C %,GCSE 2013 A*-C %,GCSE 2012 A*-C %,GCSE 2011 A*-C %,Remain,Leave
NUTS3,UKC11,Hartlepool and Stockton-on-Tees,1,1,1,1,83,81.5,83.4,80.5,77.8,77.7,78.9,81.8,82.1,80.7,77.9,77.4,79.8,77.8,77.5,75.8,75.2,78.5,75.9,73,73.6,6.2,6.45,7.7,7.9,10,10.55,11,13.5,11.75,10.85,8.85,8.6,7.7,7,7.55,30.4135,28.9015,79.056385,79.093075,79.14807,79.25754,79.38623,79.815465,80.28864,81.10793,81.291385,81.7346,81.8076,81.891715,81.533515,81.306185,81.39025,74.3,74.4,74.9,75.1,75.6,75.6,76,76.6,77.2,77.7,78,77.9,77.5,77.2,77.1,62.90%,60.80%,58.80%,59.20%,56.30%,57.80%,51.90%,55.30%,35.80%,64.20%
NUTS3,UKC12,South Teesside,1,1,1,1,69,68.5,70.2,68.9,65.3,67.4,66.6,73.4,71.3,70.2,70.3,70.9,71.9,73.6,71.5,67.8,68.4,65.9,64.6,63.1,62.5,7,7.05,7.75,7.9,10.1,12.55,13.6,14.65,13.65,11.3,9.5,9.45,8.05,6.45,6.25,35.126,34.3915,78.802295,78.942335,79.380305,79.6311,79.94965,80.11256,80.385715,80.646635,80.89589,80.99658,80.98501,80.88715,80.77183,80.6329,80.71089,74.4,74.4,74.5,75.1,75.6,76,76.3,76.7,77,77.4,77.5,77.3,77.1,76.8,76.7,60.90%,59.50%,58.10%,52.70%,51.80%,53.60%,52.40%,49.30%,34.10%,65.90%
NUTS3,UKC13,Darlington,1,1,1,1,91.4,90.3,91.8,90,94.8,98.6,102.3,101.2,92.9,95.2,94.8,94.9,93.2,99.6,98.9,95.7,90.6,96.5,98.4,91.2,91.6,4.6,4.7,5.5,5.7,7.9,8.9,8.4,9.9,9.7,8.5,7.1,7,5.9,5.2,5.2,25.657,23.639,79.5747,79.83694,80.03968,80.02903,80.37557,80.4765,80.79005,81.42246,82.12191,82.5105,82.35887,82.17505,81.92481,82.10443,82.30758,74.8,74.8,75.3,75.3,76.4,76.4,76.7,77.2,77.9,78.5,78.3,78.1,77.9,78.2,78.4,63.20%,60.80%,59.90%,53.20%,58.80%,62.60%,60.70%,63.70%,43.80%,56.20%
NUTS3,UKC14,Durham CC,1,1,1,1,64.2,63.1,61.9,62,61.5,62.8,63.1,62.9,61.3,63.2,61.7,62.8,63.9,65,62.9,62.6,63.5,61.9,63.4,61.2,61.5,4.9,5.5,5.4,5.5,7.8,8.8,8.3,10.2,9.1,8.7,6.6,7,5.7,4.8,5,26.793,25.741,79.18014,79.32579,79.42918,79.86369,80.17796,80.38236,80.63048,80.92248,81.29758,81.47541,81.30393,81.32408,81.24404,81.29505,81.3551,74.9,75.2,75.5,75.9,76.5,76.7,76.8,77,77.4,77.8,77.9,78,78.1,78,78.3,61.90%,58.70%,62.70%,58.10%,61.20%,64.00%,62.80%,60.80%,42.50%,57.50%
NUTS3,UKC21,Northumberland,1,1,1,1,69.9,67.7,63.3,63.8,63.5,66.6,66.3,65.5,65.8,65.4,63.4,63.7,62.5,61.9,62.6,61.9,62.2,64,63.2,61.5,61,4.6,4.8,5.7,5.1,6.6,7.3,7.5,8.3,6.8,7,6.2,6.1,5.6,4.3,4.7,22.079,20.525,80.63693,80.79,80.94683,81.10052,81.21556,81.38248,81.53599,81.98723,82.27124,82.3922,82.43574,82.48534,82.61381,82.64051,82.70303,77.8,78,77.8,78.2,79,79.8,79.8,79.7,79.6,79.8,80,80.5,80.7,81.2,80.9,63.10%,61.20%,61.10%,59.10%,55.50%,55.40%,58.80%,58.50%,45.90%,54.10%
NUTS3,UKC22,Tyneside,1,1,1,1,78.7,79.5,79.8,78.9,82.2,84.3,84.3,87.9,89.2,88.8,85.5,86.8,85,85.6,88.5,87.2,85.7,84.5,86.3,85.6,85.6,6.425,6.875,7.275,6.775,9.125,10.375,9.875,11.575,10.025,9.425,7.75,8.025,6.6,5.525,5.575,27.94875,26.52075,79.6114425,79.62969,79.958765,80.1684175,80.4336775,80.3284375,80.6517275,80.7899,81.27219,81.367205,81.6548275,81.7646925,81.69224,81.645305,81.607255,74.4,74.7,75.1,75.5,75.8,75.9,76.1,76.5,77,77.3,77.4,77.4,77.4,77.5,77.6,62.50%,60.00%,63.40%,60.60%,59.20%,60.60%,58.90%,56.80%,45.40%,54.60%
NUTS3,UKC23,Sunderland,1,1,1,1,76.1,75.7,72,72.7,77.2,79.4,78.6,80.9,85,82.1,80.6,79.1,78.4,77.8,76.9,78.3,78.9,80.9,81.2,81.9,82.3,6.2,6.1,7.4,7.3,9.4,11.2,10.7,12.2,10.4,10.2,8.3,8,7.5,5.7,7,30.586,29.725,78.92298,79.03466,79.38245,79.72194,80.1184,80.28192,80.53535,80.43657,80.72337,80.67006,80.82014,80.72133,80.91181,81.09408,81.29363,73.8,74.3,74.7,75.2,75.5,75.8,76.3,76.7,77.2,77.4,77.4,77.2,77.1,77.2,77.6,56.60%,56.60%,59.20%,52.50%,53.20%,60.50%,62.30%,55.50%,38.70%,61.30%
NUTS3,UKD11,West Cumbria,1,1,1,1,80.8,81,75.5,72.6,70,71,72.5,71,67.1,73.7,73,77.7,82.3,84.2,83.2,83,83.9,84.4,87.3,84.4,85.7,5,4.733333333,4.966666667,5.266666667,6.066666667,6.366666667,7.566666667,8.333333333,7.533333333,7.066666667,5.6,5.033333333,4.466666667,4.233333333,3.733333333,26.35566667,26.633,79.85926,79.85999333,80.32818667,80.45082667,80.57602333,80.19992,80.63348667,81.02496333,81.30882667,81.51178333,81.46269,81.77938,81.59936333,81.64881667,81.50828,76,76,76.2,76.6,76.9,77.4,77.8,78.2,78.5,78.5,78.7,78.9,78.9,78.9,78.9,63.50%,63.40%,59.60%,55.70%,57.20%,54.40%,50.60%,53.40%,39.80%,60.20%
NUTS3,UKD12,East Cumbria,1,1,1,1,91.3,92,89.5,88.9,87.9,89.7,94.4,91,87.5,91.9,90.2,93.7,88.8,91.5,87.9,89.7,92.5,93.3,95.5,90.1,89.3,2.666666667,2.9,2.966666667,3.166666667,3.966666667,4.066666667,4.5,4.5,3.466666667,3.9,2.7,2.766666667,2.633333333,2.233333333,2.1,16.942,16.70833333,81.07102667,81.46217,81.95650667,82.31724333,82.28636333,82.21058333,82.3813,82.70173667,82.92400333,83.02295667,83.33619333,83.84911,84.22882333,84.15483667,84.06283,76.5,76.9,77.2,77.6,77.9,78.1,78.3,78.5,78.8,79.1,79.1,79.4,79.4,79.7,80,66.40%,68.00%,66.00%,61.30%,59.20%,59.30%,60.70%,60.40%,46.70%,53.30%
NUTS3,UKD33,Manchester,1,1,1,1,117.3,121.3,125.1,121.1,128.5,129.6,126.4,130.3,126.7,129.6,127.7,123.7,129.8,128.2,122.9,123.6,126.7,124.7,124.1,129.5,130.3,7.3,7.8,7.5,9.3,10.7,11.9,11.2,12.9,11.9,10.1,7.9,7.5,6.6,5.2,5.4,40.005,40.512,77.76478,77.86671,78.22214,78.41297,78.67559,78.63147,78.7542,78.76898,79.22421,79.4743,79.93122,79.88385,79.80007,79.42977,79.51983,73.7,73.8,74.2,74.6,75.2,75.2,75.4,75.6,76.2,77,77.5,77.3,77.2,77,77.2,57.60%,56.30%,57.00%,51.20%,54.60%,56.70%,55.60%,53.90%,60.40%,39.60%
NUTS3,UKD34,Greater Manchester South West,1,1,1,1,101.7,104.5,108,106.9,111.4,111.8,110.4,113.5,110.9,113,111.1,109.2,112.3,111.2,108.8,109,110.4,106.8,108.2,109.1,108.3,4.35,5,5.05,5.15,7.85,8.8,7.8,8.65,8.85,7.95,5.9,5.4,4.65,4.05,4.2,25.149,24.1735,79.25498,79.56465,79.71309,80.02309,80.460205,80.6675,81.164925,81.34088,81.700195,81.91244,81.84823,82.092535,82.144185,82.355025,82.3332,75.2,75.6,75.9,76.2,76.4,76.7,77,77.6,78,78.4,78.5,78.7,78.7,78.8,78.8,65.10%,64.40%,62.90%,59.20%,60.80%,61.60%,61.40%,60.10%,50.90%,49.10%
NUTS3,UKD35,Greater Manchester South East,1,1,1,1,85.1,86.8,89.6,90.1,91.3,91.8,89.7,90.9,89,89.4,88.5,88,89.6,88.2,86.2,86.2,82.5,77.1,75.9,75.8,75,4,5.3,4.6,5.35,7.5,7.75,8.2,8.7,7.65,7.3,5.3,5,4.7,4,3.95,26.1,24.244,80.00365,80.329105,80.36193,80.74252,80.732615,80.892885,80.88954,81.186205,81.59406,81.79984,81.63976,81.795335,81.85505,82.15107,82.02098,75.1,75.6,75.9,76.3,76.5,76.9,77.1,77.2,77.6,77.9,78.3,78.5,78.6,78.8,78.7,63.70%,63.80%,63.90%,57.20%,56.30%,62.70%,60.30%,60.00%,46.90%,53.10%
NUTS3,UKD36,Greater Manchester North West,1,1,1,1,68.6,69.1,70,67.4,67.2,66.7,66.8,65.6,66.5,67.1,66,65.4,64.3,64.1,62.5,63.2,62.6,60.9,61.8,62.7,62.4,4.65,5.25,5.7,6.1,7.7,8.7,8.2,9.35,8.85,8.75,5.85,5.8,5,4.9,4.15,28.202,26.6385,78.909925,79.12587,79.19667,79.547125,79.565335,79.75503,80.081395,80.50815,80.83974,81.03154,81.25815,81.450795,81.39293,81.30657,81.253515,74.5,74.5,74.8,75.1,75.6,75.9,76.4,76.8,77.1,77.2,77.3,77.3,77.4,77.3,77.6,61.70%,62.50%,60.20%,59.20%,59.40%,62.60%,62.30%,58.70%,38.70%,61.30%
NUTS3,UKD37,Greater Manchester North East,1,1,1,1,69.4,69.9,70.7,67.8,67.7,67.4,68.1,66.5,67.2,68,66.6,65,64.7,64.3,63.9,64.8,64,62.4,64.5,64.3,63.2,4.5,5.2,5.933333333,6.8,8.533333333,9.033333333,8.533333333,10.03333333,9.066666667,8.8,7,6.3,5.833333333,4.833333333,5.4,30.41733333,28.58133333,79.11809333,79.25353667,79.43097667,79.55412,79.69455667,79.92114667,80.31260333,80.59504333,80.93041333,80.91847667,81.14636,80.99256667,80.98188667,80.90263,80.90623667,72.9,73.2,73.5,73.9,74.3,74.5,74.7,74.8,75.2,75.8,76.4,76.5,76.5,76.5,76.6,60.00%,60.20%,59.50%,53.50%,56.70%,59.80%,58.60%,58.50%,41.60%,58.40%
NUTS3,UKD41,Blackburn with Darwen,1,1,1,1,81,79.8,80.3,78.5,74.4,74.2,73.7,76.3,74.8,72.3,74.6,75.2,71.9,69.3,71.7,72.6,74,75.4,73.8,75.4,75.7,5.6,6.7,6.3,6.3,8.6,8.8,9,9.8,9,8.6,7.1,7.2,5.9,5.9,4.7,36.013,34.189,77.69614,78.292,78.55331,79.31594,79.38978,79.65153,79.58748,79.87852,80.389,80.8108,81.1728,81.11383,80.79838,80.56707,80.11981,74,74,74.5,74.4,74.4,74.6,74.8,75.3,75.7,76.4,76.7,76.7,76.5,76.2,76.6,68.50%,68.70%,67.00%,61.90%,60.50%,62.40%,59.60%,58.60%,43.70%,56.30%
NUTS3,UKD42,Blackpool,1,1,1,1,71.4,72.2,75.1,72.2,70.1,73.6,68.8,68.6,68.4,68.7,65,61.9,64.9,66.1,65.8,64.6,63.3,62.1,63.4,63.4,63.9,5.2,5.9,6.3,6.5,7.7,8.8,10.1,10.6,9.3,9.8,7.6,6.3,6.1,5.5,6.1,45.039,41.997,78.40887,78.40155,78.82933,78.80253,79.09019,78.86726,79.49234,79.47146,79.85505,79.90913,80.09424,79.93652,79.46113,79.47455,79.55913,72,72.9,73.2,73.3,73.2,73.6,73.7,73.7,73.7,73.9,74.3,74.6,74.3,74.3,74.2,46.40%,47.40%,46.40%,43.50%,46.90%,45.60%,47.40%,45.90%,32.50%,67.50%
NUTS3,UKD44,Lancaster and Wyre,1,1,1,1,75.9,75.6,75.5,73.3,73,73.1,75.4,78.1,75.9,75.6,76,75.8,73.7,72.7,71,70.6,70.1,70.5,70.6,69.1,68.3,4.2,4.45,4.15,4.8,5.8,5.2,5.7,6.65,6.45,5.95,4.3,4.5,4.15,3.85,3.8,22.5115,21.355,80.64771,80.794745,81.087725,81.130765,81.21441,81.181565,81.309225,81.54814,81.791755,81.84329,81.715725,81.973385,82.136885,82.2915,82.38385,76.8,76.8,77.2,77.3,77.7,77.8,78.1,78.1,78.7,79.1,79.2,79.1,79.3,79.5,79.6,63.10%,62.20%,59.10%,62.50%,60.80%,60.90%,55.40%,60.80%,43.00%,57.00%
NUTS3,UKD45,Mid Lancashire,1,1,1,1,105.4,104.4,103.3,101.2,99.9,101.2,100.9,102.4,101.5,99.7,101.2,101.3,102.9,103.3,100.4,100.2,101.7,98.4,111.5,116.1,116.8,3.425,3.475,3.825,4,5.575,5.75,5.375,5.95,5.05,5.525,4.225,3.8,3.5,3.075,3.1,17.8325,16.4165,80.3577425,80.597665,80.94067,81.4796275,81.5134675,81.7892925,81.8052575,82.18601,82.36875,82.5110175,82.445465,82.533025,82.7240575,82.6898925,82.69209,75.4,75.4,75.9,76.2,76.8,76.9,76.8,77,77.4,78.3,78.5,78.7,78.8,79.1,79.2,67.90%,64.80%,65.00%,61.80%,61.20%,61.60%,61.90%,62.60%,43.80%,56.20%
NUTS3,UKD46,East Lancashire,1,1,1,1,79.2,77.7,76.8,75.7,74,74.7,74.5,76.4,76.1,74,74.4,71.3,68.1,69.5,69,71,71.3,70.8,67.7,68.8,68.7,4.4,4.7,5.65,6.05,7.85,8.025,7.475,8.15,7.825,8.575,5.725,5.45,4.825,4.55,4.625,31.72775,30.23175,78.96003,79.2530675,79.300665,79.6142075,79.82376,80.056165,80.160555,80.3803575,80.602645,81.1409375,81.193895,81.382785,81.1782775,81.307745,81.34468,75.5,75.9,76.1,76.4,76.6,76.7,77.1,77.5,78.1,78.3,78.5,78.6,78.7,78.8,78.8,57.30%,57.80%,54.80%,51.90%,48.30%,53.50%,53.10%,52.40%,35.80%,64.20%
NUTS3,UKD47,Chorley and West Lancashire,1,1,1,1,81.4,79.8,79.3,77.8,77.4,79.2,80,81.4,79.9,78.3,78.3,76.2,75.6,75.7,74.7,74.3,72.6,72.7,70.9,71.6,69.6,4.233333333,4.366666667,5,4.866666667,6.833333333,7.333333333,6.9,7.5,6.833333333,6.633333333,4.733333333,4.4,4.266666667,3.733333333,3.6,20.84766667,21.04166667,79.71457,79.965715,80.38346,80.746665,81.01932,81.071025,81.10939,81.292645,81.6953,82.116295,82.37522,82.571055,82.466805,82.369165,82.355025,76.4,76.4,76.8,77.3,77.7,77.9,78,78.5,78.4,78.5,78.4,79.1,79.3,79.1,78.8,68.60%,67.10%,69.00%,63.40%,61.00%,67.50%,65.20%,61.80%,43.90%,56.10%
NUTS3,UKD61,Warrington,1,1,1,1,114.7,117.6,117.4,119.4,128.5,129.9,129.3,124,127.6,134.3,131.5,122.6,122.5,125.1,120.1,129.4,121.6,124,114.8,117.5,118.2,3.3,3.8,3.9,4.2,6.4,6.6,6,7.2,6.6,5.7,5,3.9,3.8,3.9,3.5,18.942,19.312,79.9952,80.46205,80.66613,80.95162,80.72738,80.51949,81.04425,81.46198,81.86111,81.90776,81.74404,81.74756,81.76139,81.8996,82.40019,75.7,75.8,75.9,76.1,76.3,76.7,77.4,77.8,78,78.1,78.3,78.5,78.5,78.9,78.9,66.60%,67.00%,62.20%,60.10%,57.30%,65.90%,61.50%,62.40%,45.70%,54.30%
NUTS3,UKD62,Cheshire East,1,1,1,1,114.3,114.2,114.7,108.7,120.5,119.7,117.4,116,113.6,117.9,118.7,115,116.9,116,115,121.2,127.5,123.5,125.6,128.1,127.3,2.8,3.1,3.5,3.8,5.6,6,5.6,6.1,5.6,5.1,3.7,3.3,3.4,3.1,3.2,14.475,14.132,81.20437,81.2182,81.49998,81.79405,82.31734,82.48096,82.59814,82.76921,83.1034,83.25001,83.49486,83.70467,83.69399,83.72449,83.72745,76.8,77.2,77.6,78,78.3,78.6,78.9,79.4,79.9,80.3,80.3,80.2,80.2,80.3,80.3,68.80%,69.70%,66.60%,64.50%,63.30%,63.00%,61.40%,64.60%,48.80%,51.20%
NUTS3,UKD63,Cheshire West and Chester,1,1,1,1,106.3,106.4,108.2,102.7,111.7,111.8,109.8,109.6,108.5,113.3,115.2,111.5,116.4,111.8,108.3,109.5,106.1,108.8,105.3,107.2,107.6,3.3,3.8,4.2,4.6,6.2,6.8,6.5,7.4,6.2,5.5,4.3,4.1,3.8,3.3,3.6,18.083,18.086,80.76736,81.02411,81.27818,81.56414,81.61802,81.84208,81.95587,82.20464,82.54516,82.73999,83.15341,83.24501,83.23977,82.7995,82.7834,76.5,76.5,77,77.2,77.7,77.9,78.6,78.9,79.2,79.1,79.1,79.4,79.7,79.7,79.9,64.20%,62.20%,63.70%,57.70%,56.50%,59.90%,58.60%,58.30%,49.30%,50.70%
NUTS3,UKD71,East Merseyside,1,1,1,1,70.5,72.2,73.3,74.1,77.3,78.4,78.4,77.7,77.1,79.6,78.1,81.6,82.8,86.3,86.8,80.5,81.3,83.9,85.9,81.8,81.9,5.9,5.933333333,7.233333333,7.133333333,8.3,9.7,10.26666667,10.86666667,9.733333333,9.233333333,7.066666667,5.866666667,4.666666667,4.366666667,3.766666667,35.61633333,34.37966667,78.38387667,78.60318,78.70013,79.13562,79.19645,79.35308333,79.68214,80.16646,80.79309,80.83539667,80.85425667,80.78656,80.71914333,80.62493,80.72366667,73.9,74.3,74.6,74.8,75.1,75.5,75.8,76,76.5,76.8,77.1,77.2,77.4,77.4,77.4,54.70%,56.60%,55.50%,53.10%,52.40%,56.70%,55.00%,53.50%,44.10%,55.90%
NUTS3,UKD72,Liverpool,1,1,1,1,82.2,86.1,89.6,90.4,89.1,91.6,94,92.3,91.1,97.1,94.8,97,108.6,103.6,97.1,93,90.5,90.8,90.2,86.2,86,8,9.3,9.7,7.4,10.3,12,11.9,11,11.5,12.6,9.9,7.5,5.7,4.8,4.4,42.412,41.126,77.71871,77.98794,78.14052,78.42634,78.82712,78.98016,79.40058,79.46612,79.99402,80.11379,80.3836,80.44199,80.40703,80.29521,80.22034,74.3,75.1,75.3,75.4,75.4,75.7,75.8,76.3,77.2,77.9,77.9,77.5,77.5,77.5,77.5,60.00%,60.00%,58.20%,54.00%,55.60%,58.80%,58.70%,57.20%,58.20%,41.80%
NUTS3,UKD73,Sefton,1,1,1,1,67.9,68.9,70.9,70,69.6,73.8,69.6,72.4,68.4,69.9,67.3,66.9,68,67.5,65.4,61.3,60.2,58.2,58.9,58.6,58.1,0,0,0,0,0,0,0,0,0,0,0,0,0,0,0,0,0,79.92993,80.17121,80.37855,80.98838,81.32271,81.4596,81.56474,81.90079,82.64184,82.60417,82.38556,82.22628,82.25127,82.32627,82.41068,75.2,75.4,75.5,75.8,75.9,76.1,76.5,77.2,77.5,77.8,77.7,78,77.9,78.1,78.3,61.10%,58.80%,59.50%,55.30%,55.70%,60.40%,58.10%,59.50%,51.90%,48.10%
NUTS3,UKD74,Wirral,1,1,1,1,63.7,65.3,64.5,63.8,62.9,64.8,65.9,62.9,61.1,61.9,60.1,61.2,60.7,59.6,61.3,56.5,56.7,56.1,57.3,55.4,55.8,5.8,5.5,7.1,6.2,7.4,8.6,8.9,8.1,7.1,8.1,6.4,4.8,3.8,3.5,3.1,29.589,26.892,79.99265,80.17414,80.25295,80.73912,80.87888,80.92796,80.90593,80.85757,81.54542,81.8007,82.25066,82.10234,81.89879,81.63263,81.76622,74.6,75,75,75.4,75.5,76.1,76.5,76.9,77.3,77.7,78,78.3,77.9,78.2,78.1,66.00%,64.10%,65.70%,62.40%,61.30%,66.40%,65.40%,64.40%,51.70%,48.30%
NUTS3,UKE11,"Kingston upon Hull, City of",1,1,1,1,78.5,76.9,75.7,80.4,78.6,81,84.5,83.8,81.7,82.9,83.9,81.1,87.5,82.9,83,82.4,80.4,78,78.4,78.6,78.1,6.9,7.2,8.7,8.8,11.5,14.1,14.4,15.9,14.8,12.6,10.4,8,7.2,6.4,6.5,40.564,41.235,79.41848,79.09562,78.96876,78.9626,79.03769,79.40891,79.86505,80.10437,80.24743,80.38384,80.62237,80.46757,80.20954,80.11124,79.93619,73.7,74.2,74.3,74.6,74.6,74.8,74.9,75.4,75.9,76.5,76.5,76.6,76.5,76.3,75.9,58.90%,53.10%,52.10%,52.50%,50.20%,52.20%,51.00%,49.50%,32.40%,67.60%
NUTS3,UKE12,East Riding of Yorkshire,1,1,1,1,81.8,79.9,75.2,75.1,75.7,77.5,76.4,79.6,76,74.3,72.7,73.1,78.4,74.5,71.2,72.5,71,69.7,70.7,71.5,69.9,3.3,4.3,4.2,3.7,5.6,6.6,6.2,7,6.5,5.7,4.7,4,3.7,3.4,3.5,15.605,15.792,81.11349,81.14732,81.16202,81.71297,81.87656,82.2249,82.29829,82.66432,82.84397,82.87667,82.94963,83.19904,83.31319,83.50839,83.56287,77.2,77.4,77.6,77.9,78.4,78.6,79,78.9,79.3,79.5,79.9,80.2,80.2,80.1,80,66.70%,64.30%,65.10%,57.30%,58.40%,60.00%,56.60%,53.60%,39.60%,60.40%
NUTS3,UKE13,North and North East Lincolnshire,1,1,1,1,99.5,99.6,91.3,86.7,86.7,89.6,90,86.6,88.5,87.4,91.6,88.3,98.1,92.9,92.3,86.1,81.8,83.3,88.3,84.4,82.4,5.25,5.65,5.8,5.75,8.2,9.5,9.5,10.35,9.45,8.2,7.05,6.4,5.4,5.3,5.25,26.7155,26.1305,80.582515,80.773215,80.905775,80.80608,80.824855,80.80299,81.174395,81.66858,81.823225,82.17184,82.00896,82.368185,82.35731,82.579275,82.37326,75,75.5,75.8,76.3,76.5,76.5,76.7,77.1,78,78,77.9,78,78.3,78.4,78.1,59.40%,58.90%,57.00%,53.00%,54.40%,53.70%,54.00%,48.50%,32.00%,68.00%
NUTS3,UKE21,York,1,1,1,1,112.6,110.8,107.8,109,111.2,117,118.3,118.4,110.9,107,109,105.4,106.1,102.9,103.1,102.2,100.4,96.6,92.4,91,92.5,0.6,0.9,0.7,0.8,1,1,1.1,1.1,1.1,0.9,0.8,0.7,0.7,0.7,0.8,11.727,12.219,81.81754,82.03707,82.60898,82.98129,83.17316,82.93893,82.90462,82.71447,82.92808,83.04757,83.37124,83.3871,83.42849,83.4582,83.48835,76.8,77.3,77.3,77.8,78.3,79,79.1,79.4,79.2,79.5,79.3,80,80.2,80.4,80.2,69.50%,68.20%,68.50%,64.00%,62.30%,67.30%,62.70%,62.30%,58.00%,42.00%
NUTS3,UKE22,North Yorkshire CC,1,1,1,1,91.4,89.5,87.9,89.3,89.4,94.1,95.3,92.4,91,89.2,89.3,89,87,87,88.3,87.3,88.8,87.1,85.1,84.5,84.3,2.671428571,3.257142857,3.7,3.528571429,4.728571429,5.657142857,5.542857143,6.028571429,4.814285714,4.728571429,3.557142857,3.128571429,3.342857143,3.257142857,3.085714286,14.63628571,14.63928571,81.86744,81.97507,82.03380286,82.34685714,82.39174429,82.67235857,82.87290714,83.29026286,83.48174143,83.55489714,83.62314143,83.88436429,84.16495571,84.35057429,84.33028857,76.9,77.1,77.4,77.8,78.1,78.5,78.7,79.1,79.4,79.6,79.7,79.9,80,80.2,80.2,67.50%,70.30%,66.80%,64.10%,62.20%,65.30%,65.20%,63.30%,45.10%,54.90%
NUTS3,UKE31,"Barnsley, Doncaster and Rotherham",1,1,1,1,62.6,63.9,61.5,62.1,62,63.8,65.1,67.1,66,66.1,67.4,63.6,63.1,64.4,63.5,62.4,62.7,62.7,64.7,64.8,64,4.533333333,6.133333333,5.733333333,6,8.833333333,9.633333333,10.33333333,11.46666667,10.46666667,9.033333333,7.366666667,6.233333333,5.6,5.366666667,5,29.924,28.966,79.55128,79.59808667,79.77842333,80.12528667,80.35237333,80.5313,80.65263667,80.92173,81.30112333,81.49501,81.5007,81.52651,81.51073667,81.66284,81.74546,75.3,75.4,75.7,76.2,76.4,76.7,76.9,77.4,77.8,78,78.1,78.1,78.1,78.2,78.3,58.50%,57.90%,58.40%,52.70%,52.20%,55.70%,53.80%,51.70%,31.60%,68.40%
NUTS3,UKE32,Sheffield,1,1,1,1,83.1,84.5,81.6,80.9,84.1,86.5,85.3,86.2,84.9,84.2,86.1,83.9,86.2,84.9,83.6,83,81.5,78.9,79.9,79.7,78.8,5.2,6.9,6.3,5.8,7.9,9.2,8.9,10.5,10.2,9.6,7.3,7.2,5.6,5.4,4.4,27.06,27.568,80.36837,80.43249,80.59994,81.11307,81.13376,81.33179,81.32137,81.65431,82.05789,82.30754,82.35212,82.5136,82.53394,82.63995,82.40739,74.2,74.2,74.6,74.9,75.4,75.4,75.9,76.3,77.2,77.4,78.1,77.7,77.8,77.3,78,58.60%,58.50%,60.00%,56.40%,56.90%,59.80%,54.70%,49.40%,49.00%,51.00%
NUTS3,UKE41,Bradford,1,1,1,1,80.4,80.8,83.3,81.5,78.7,78.9,77.4,75.1,72.5,74.5,75.3,73.5,76.3,71.3,71.3,71,71.3,69.8,72.2,71.4,70.1,5.5,5.9,6.7,6.4,8,10,9.8,11.2,10.8,10.2,8.7,7.6,6.1,5.5,5.7,34.666,33.168,79.15476,79.52457,79.62271,79.88653,79.85658,80.16967,80.3574,80.76377,81.01653,81.35839,81.27546,81.35716,81.28948,81.53132,81.5894,75.3,75.3,75.6,75.9,76.5,76.8,76.9,76.8,76.9,77.4,77.9,78.3,78.6,78.7,78.6,56.60%,56.60%,53.10%,48.30%,46.90%,54.00%,53.40%,48.20%,45.80%,54.20%
NUTS3,UKE42,Leeds,1,1,1,1,104.7,106.1,107.8,107.3,108.8,109.8,111.3,113.5,113.9,114.2,113.6,114.1,114.6,111.6,113.4,109.2,109.6,107.4,110,109.5,109.7,4.7,6.1,5.7,6.1,7.8,9,8.8,10.1,9.7,9.3,6.7,6.1,4.7,4.2,4.4,27.301,26.623,80.63291,80.88427,81.07786,81.35298,81.47471,81.50759,81.52863,81.65239,81.82433,82.02627,82.01712,82.29814,82.10575,82.2303,82.11417,75,75.4,75.7,75.8,76.2,76.2,76.4,76.8,77.4,77.7,77.8,78.2,78,78,78,60.20%,58.40%,57.10%,55.00%,50.70%,54.70%,53.20%,51.50%,50.30%,49.70%
NUTS3,UKE44,Calderdale and Kirklees,1,1,1,1,78.9,79,79,76.6,74.8,73,75.1,76.5,75.7,74.4,73.8,72.6,72.5,72.8,73.3,73.4,71.5,70.2,71.1,70.7,70.4,4,4.45,5.25,5.05,7.25,8.35,8.4,9.2,8,7.6,6.1,5.5,4.6,4.55,4.3,25.751,24.2855,79.8168,80.17536,80.494575,80.95069,80.931945,81.03499,80.99217,81.297225,81.713295,81.998595,82.13406,82.218655,82.261135,82.3135,82.27057,75.2,75.5,76,76.4,76.6,76.7,77,77.3,77.7,78,78.3,78.5,78.5,78.5,78.4,64.50%,63.20%,62.70%,60.80%,59.50%,64.00%,61.90%,59.50%,45.00%,55.00%
NUTS3,UKE45,Wakefield,1,1,1,1,79.1,79.4,81.2,79.5,77.8,77.3,79.8,80.6,79.2,78.7,77.7,77.7,78.4,80.3,79.8,80.9,81.1,77.5,79.8,79.5,79.6,4,4.8,5.4,5.5,7.2,8.3,9.3,9.8,10,8.3,6.4,5.6,5.3,5.1,4.6,27.306,26.892,79.63033,79.76386,79.85223,80.19875,80.42543,80.47974,80.78337,80.87002,81.32781,81.25673,81.68119,81.94232,82.02789,81.91248,81.8499,74.2,74.6,75.1,75.4,75.8,76.3,76.5,76.9,76.8,77.1,77.3,77.7,77.7,77.5,77.5,64.30%,64.80%,65.00%,63.00%,60.40%,66.90%,60.40%,57.60%,33.60%,66.40%
NUTS3,UKF11,Derby,1,1,1,0,104,101.6,109.6,107.3,106.2,107.2,99.6,102.3,105.2,102.7,101.2,101.3,100.1,103.9,106.1,106.8,108.2,103.4,102.9,101.1,102.6,6.1,5.6,6.3,5.8,8.1,7.9,9.7,9.8,9.7,7.4,6,4.9,4.4,4.1,5,26.323,27.79,80.2516,80.60368,81.28389,81.56517,81.61787,81.19997,81.1458,81.44584,82.15402,82.53414,82.45089,82.51301,82.65149,82.70382,82.66543,75.9,76,76.4,76.6,76.7,76.8,77,77.4,78.1,78.5,78.4,78.2,78,78.2,78.5,62.60%,62.00%,58.40%,55.20%,57.10%,60.00%,59.40%,60.10%,42.80%,57.20%
NUTS3,UKF12,East Derbyshire,1,1,1,0,64.5,64,64.6,62.1,62.3,63.5,63.6,62.3,63.4,65,64.7,63.6,62.3,64.6,69.8,69.4,71.4,70.8,70.9,69.6,68.7,4.833333333,6.033333333,5.2,5.766666667,6.2,6.8,8.666666667,8.766666667,6.733333333,6.233333333,4.766666667,4.033333333,4.333333333,4.233333333,4.566666667,22.45733333,22.31366667,79.74282,79.94617,79.98983,80.47752333,80.88781,81.29857333,81.79392667,81.91662333,82.42129,82.31797333,82.56789,82.40482667,82.25268667,82.22026667,82.17306333,76.1,76.7,77.1,77.8,77.9,78.1,78.3,78.8,79,79.3,79.6,79.7,79.4,79.1,79.3,63.60%,65.40%,63.20%,59.80%,56.70%,60.50%,59.00%,59.60%,36.10%,63.90%
NUTS3,UKF13,South and West Derbyshire,1,1,1,0,84.3,81.4,81.4,73.9,74.3,73.5,73,74.9,75,75.6,73,72.2,67.5,71.6,74.9,74.5,76.2,73.7,72.3,72.9,73.2,3.24,3.76,4.1,4.22,5.76,6.04,6.6,6.86,5.9,4.68,3.76,3,3.34,3,3.58,15.7638,16.0112,80.700146,80.711074,81.06853,81.324798,81.81531,81.856196,82.166376,82.5893,83.124554,83.477044,83.38369,83.422204,83.104008,83.123544,83.187924,76.6,76.9,77.3,77.6,77.7,78,78.4,79,79.4,79.7,79.7,79.6,79.5,79.5,79.7,63.40%,60.80%,54.40%,51.40%,51.40%,53.80%,52.30%,54.50%,42.60%,57.40%
NUTS3,UKF14,Nottingham,1,1,1,0,127.2,127.3,121,119.6,123.8,120.7,114.7,118.6,117.8,111.8,110.7,113.9,116.7,116.1,114.6,111,107.3,107.4,106.8,106.9,108.5,7.7,9.8,8.1,8.3,11.7,12.7,13.4,13.3,14.3,12,8.5,7.9,7.8,7.4,7.1,34.891,36.927,78.50705,78.97613,79.31031,79.8369,80.19696,80.17575,80.43396,80.80846,81.38141,81.28872,81.50921,81.39452,81.37959,81.11499,81.07586,72.9,73.3,73.6,74.4,74.7,75.2,75.3,75.9,76.2,76.8,77,77.1,76.8,77,77,45.60%,40.00%,41.20%,39.40%,40.40%,45.70%,40.90%,38.80%,49.20%,50.80%
NUTS3,UKF15,North Nottinghamshire,1,1,1,0,73.6,74.1,74.5,73.2,71.3,70.7,69.6,69.6,71.9,72.2,71.9,72.3,69.4,70.7,74.1,72.4,70.5,71.3,70,69.7,69.2,4.675,5.45,5.1,5.55,6.475,6.775,8.35,8.95,8.125,6.85,5.225,4.7,4.875,4.2,4.975,24.1565,23.666,79.78439,79.97725,80.24156,80.5616375,80.67141,80.8543275,80.9994775,81.339375,81.7783425,82.0347675,82.25397,82.1633125,81.9911475,81.942025,81.888435,76.7,77.1,77.7,78.1,78.2,78.2,78.5,78.7,79.2,79.6,80,80,80.1,80.2,80.2,66.80%,65.40%,65.00%,58.70%,61.90%,63.20%,61.20%,55.00%,32.90%,67.10%
NUTS3,UKF16,South Nottinghamshire,1,1,1,0,70,68,71.3,72.6,71.6,71.9,69.3,66.3,70.9,71.4,68.8,67.2,67,65.3,64.6,64.8,67.2,66.9,66,64.5,64.9,3.466666667,3.633333333,3.966666667,4.366666667,5.633333333,5.8,6.366666667,6.8,6.633333333,5.4,4.833333333,3.366666667,4.033333333,3.366666667,4.1,12.104,12.42666667,81.38835,81.68672333,81.92252333,82.44372333,82.58084333,82.69593667,82.72037333,83.10356333,83.39637,83.52640667,83.72415333,83.89274667,83.94559,83.75050333,83.56940667,76.7,77,77.2,77.6,77.6,77.7,77.9,78.4,79,79.5,79.8,79.4,79.2,79.3,79.5,65.10%,64.90%,65.50%,58.90%,58.60%,62.70%,60.70%,59.80%,49.30%,50.70%
NUTS3,UKF21,Leicester,0,1,1,0,96.7,95.7,96.1,95.8,95,95.7,95.9,93.8,90.6,90.5,85.3,85.1,84.8,83.4,83.1,84.8,83.6,84.3,85.5,83.6,80.6,7.6,9.3,8,10.1,11.2,11.2,11.4,12.4,13.9,11.8,7.7,6.6,5.2,5.4,5.6,30.877,33.065,79.08321,79.12725,79.33184,79.68373,80.14541,80.18785,80.2728,80.44366,81.09601,81.65132,81.71765,81.68921,81.61164,81.66495,81.854,74.2,74.6,74.8,75.5,75.6,75.7,75.6,75.7,76.2,76.9,77.2,77.3,77.1,77.3,77,55.50%,55.60%,56.40%,52.10%,52.20%,53.90%,51.40%,51.60%,51.10%,48.90%
NUTS3,UKF22,Leicestershire CC and Rutland,0,1,1,0,97.4,95.4,87.4,88.6,87.9,85.8,88.1,88.3,88.5,89.9,90.8,89.2,87.8,88.8,86.8,87.3,87.5,89.3,88.1,88.2,87.9,2.9125,3.4125,3.5,3.775,5.225,5.4875,5.5125,5.85,5.3,4.2875,3.625,2.95,3.2875,2.9375,3.875,11.723375,11.997875,81.87204125,82.03384625,81.95496875,82.23542625,82.53688125,82.8703525,83.13932,83.1956075,83.77408125,83.89435,84.15201625,84.13454625,84.10775875,84.20384875,84.3021475,77.6,77.7,77.9,78.3,78.7,78.8,79.1,79.3,79.6,79.8,79.9,80.2,80.4,80.6,80.6,67.80%,67.70%,65.60%,59.50%,58.80%,60.60%,57.10%,57.30%,43.60%,56.40%
NUTS3,UKF24,West Northamptonshire,0,0,0,0,104.6,102.5,105.1,108,104.7,101,102.1,101,98.8,100.4,102.7,102.1,99.4,103.2,98.9,99.6,101.4,100.4,97.6,100.3,101.3,3.2,3.5,3.633333333,4.033333333,5.666666667,6.3,5.866666667,6.2,5.666666667,4.566666667,3.733333333,3.133333333,3.766666667,3.333333333,3.866666667,14.73133333,15.21833333,81.18929333,81.23086,81.61912,81.82813333,82.07682667,82.20674333,82.53696667,82.92844,83.15003667,83.09102,83.04538667,83.14989333,83.54910667,83.54763667,83.50382,77.1,77.2,77.6,78.3,78.7,78.8,79.1,79.6,80,80.6,80.5,80.5,80,80.1,80.1,66.50%,65.10%,63.70%,58.70%,56.20%,63.10%,59.30%,58.40%,42.60%,57.40%
NUTS3,UKF25,North Northamptonshire,0,0,0,0,90.3,88,89.9,90.2,87.3,84.7,84.8,83.3,81.6,83.2,83.2,84.6,81.4,83.8,81.1,76.5,79.9,75.7,75.6,77.6,77.6,3.8,4.625,4.675,5.125,7.2,7.075,6.7,7.525,8.1,6.35,4.825,3.875,4.425,3.8,4.3,20.12725,20.147,80.5900375,80.6295975,80.835515,81.0301225,81.107835,81.498365,81.6614275,81.7656025,81.9505,82.2648375,82.583695,82.8552675,82.7192075,82.65516,82.15341,77,77.2,77.6,77.8,78.1,78.2,78.6,78.6,78.9,79.1,79.5,79.7,80.1,80.2,80.3,61.40%,60.60%,56.50%,52.50%,53.20%,55.70%,54.30%,54.80%,38.80%,61.20%
NUTS3,UKF30,Lincolnshire,0,1,1,0,83.7,83,79.5,77.6,79.8,79.2,80.2,74.3,72.7,73.6,73,74.3,72,74.2,74.1,74.1,75,74.6,72.3,69.8,69.7,3.885714286,4.357142857,4.642857143,5.114285714,6.257142857,6.557142857,6.757142857,7.542857143,7.3,5.814285714,4.971428571,4.171428571,4.528571429,3.757142857,4.557142857,20.43585714,20.82357143,80.55932286,80.70461714,81.07441571,81.36954857,81.45490429,81.40363857,81.70441714,82.07698857,82.58958286,82.71062143,82.86682571,83.03278714,83.06698571,83.14318143,82.80310857,76.6,76.7,77.2,77.5,77.9,78,78.4,78.7,79,79.2,79.3,79.7,79.7,79.7,79.5,62.80%,63.40%,61.80%,57.60%,56.80%,62.10%,62.30%,62.50%,34.80%,65.20%
NUTS3,UKG11,"Herefordshire, County of",1,0,1,1,86.5,82,85.4,85,81.9,79.4,82.7,81.7,81.8,82.8,80.5,81.4,77.8,77.4,80.4,81.6,79.7,79.1,77.2,73.6,74.7,3,3.5,3.4,3.9,4.7,5.5,5,5.9,5.5,4.5,3.3,3.5,3.5,2.8,2.4,18.89,19.737,82.4,82.43755,82.2389,82.56958,82.72909,83.00227,82.8235,83.01725,83.29471,83.52867,83.77253,84.07092,83.88507,83.61544,83.63426,77.1,77.4,77.5,77.7,78,78.3,78.9,79,79.3,79.6,80,80.5,80.5,80.1,79.8,64.90%,65.50%,62.70%,61.20%,61.90%,57.90%,57.30%,59.20%,40.80%,59.20%
NUTS3,UKG12,Worcestershire,1,0,1,1,78.9,82.2,89.3,91,86.2,81.2,84.6,88.7,83.7,84.9,79.3,78.5,76.7,77.4,79.3,79.9,80.1,80.2,82.2,81.5,83.1,3.283333333,3.566666667,3.7,4.166666667,6.3,6.516666667,6.4,6.3,5.966666667,4.8,4.25,4.05,3.816666667,3.3,3.383333333,18.15066667,17.72083333,81.16773333,81.35784667,81.391315,81.64863333,81.97133167,82.33713,82.60862167,82.82128667,83.14164667,83.30016167,83.35689333,83.32289333,83.51212,83.76717,83.892215,77.2,77.4,77.5,78.1,78.3,78.6,78.8,79.2,79.5,79.8,79.9,80.1,80.1,80.3,80.2,64.10%,64.80%,64.60%,61.50%,59.70%,62.90%,60.70%,60.00%,42.60%,57.40%
NUTS3,UKG13,Warwickshire,0,0,0,1,109.1,107.5,110.2,103.8,101,101.5,99.8,97.3,98.2,101.2,97,98.6,96.8,99,100.8,104.5,110,110.7,114.5,113,113.1,3.24,3.52,3.9,4.46,6.2,6.6,5.96,6.08,5.34,4.54,3.6,3.54,3.42,3.3,3.18,15.8598,15.115,80.845324,81.032664,81.124442,81.385374,81.659912,81.953712,82.463504,82.78309,83.131958,83.432136,83.524262,83.6382,83.469556,83.427506,83.577212,77.2,77.2,77.2,77.7,78.1,78.5,78.5,79.1,79.6,79.9,80,80.1,80.1,80.1,80.1,68.90%,69.10%,67.10%,62.70%,62.60%,66.00%,63.90%,61.30%,45.20%,54.80%
NUTS3,UKG21,Telford and Wrekin,1,1,1,1,107.9,106.6,101,93.9,91.4,94.2,90.6,91.8,89.7,90,88.7,88.4,85.2,85.5,87.7,90.8,88.3,85.4,85.4,84.4,83.8,4,4.6,5.1,5.7,7,7.7,9.1,8.4,9.3,6.7,5.3,4.9,4.3,4.8,3.1,24.988,24.852,79.72488,80.11612,80.63834,80.57868,81.07867,81.01596,81.65233,81.66822,81.9246,81.5644,81.49946,81.8258,81.99323,82.37763,81.88923,75.8,76.3,76.4,76.8,76.8,77.2,77.1,77.3,77.4,77.8,78.1,78.6,78.4,78.6,78.5,54.00%,56.60%,54.50%,51.00%,51.10%,54.10%,58.20%,55.20%,36.80%,63.20%
NUTS3,UKG22,Shropshire CC,1,1,1,1,81.8,82.3,83,79.5,78.2,79.9,83.3,83.6,80.8,77.6,75.4,78.8,79.7,79.1,79.1,78.9,79.3,77.9,75.8,73.8,74.1,2.9,3.4,3.6,3.9,5.2,5.4,5.4,6.2,5.8,4.6,4,3.3,3.3,3,3.1,17.153,16.689,81.18947,81.37086,81.82658,82.63104,82.64996,82.56855,82.50253,82.85328,83.19169,83.64858,83.74802,83.99297,83.82151,83.73242,83.42178,76.9,77.1,77.6,78,78.4,78.6,78.8,78.9,79.5,79.7,80,80.1,80.3,80.5,80.4,63.80%,67.20%,63.40%,59.10%,57.60%,61.60%,60.40%,60.40%,43.10%,56.90%
NUTS3,UKG23,Stoke-on-Trent,1,1,1,1,85,85.6,82.9,80.5,77,73.8,75.1,75.5,73.2,73.8,69.9,72,72.3,75.5,76.4,78.1,77.4,75.2,77.3,77.2,77.5,5.3,5.8,6,6.7,8.9,10,10.5,9.9,8.6,9.2,6.4,6.3,5.6,5.4,5.3,34.504,34.36,78.85649,78.64021,79.06059,79.42985,79.77045,79.53882,79.62959,79.88583,80.31305,80.37366,80.44277,80.84698,80.95694,81.14465,80.77162,73.3,73.2,73.7,74.5,74.9,75.3,75.4,76.1,76.4,76.6,76.5,76.5,76.5,76.4,76.5,56.00%,56.10%,55.80%,51.00%,53.40%,52.30%,52.90%,49.10%,30.60%,69.40%
NUTS3,UKG24,Staffordshire CC,1,1,1,1,81.2,82.3,79.8,78.1,78,78.9,77,78.6,78,78,76.6,77.7,74.1,74.5,74.1,72,71.4,71.3,72.8,71.3,71.3,3.4625,3.6875,3.925,4.3,6.3125,6.5375,6.6625,6.95,5.95,4.725,3.7625,3.45,3.425,3.2125,3.0875,16.7315,16.54275,80.507335,80.80563375,80.8572975,81.15767,81.2312925,81.43733375,81.7915175,82.275695,82.69813125,82.9115,82.97789375,83.09638625,82.95333625,82.8840875,82.91155375,76.4,76.8,77.1,77.6,77.9,78.1,78.3,78.6,79.2,79.7,79.9,79.9,79.9,80,80,60.20%,61.40%,59.80%,58.30%,56.80%,60.90%,59.10%,57.60%,37.10%,62.90%
NUTS3,UKG31,Birmingham,1,0,1,1,94.4,97.1,97.9,95.9,98.4,95.3,95,93.3,92.2,89.5,90.6,89.2,88.9,88.5,88.6,86.8,87.5,87.1,88,91.3,91.1,8.6,9,9.5,9.4,13.1,12.9,12.3,13.6,16.6,11.9,10.1,10,7.6,7.3,8.1,38.067,37.768,79.59922,79.82062,80.04073,80.45975,80.66061,80.84674,81.2091,81.46883,81.80665,81.9376,82.0213,82.0121,81.92841,81.91428,81.98919,75.5,75.4,75.2,75.5,75.9,76.2,76.6,77,77.5,77.9,78.1,78.5,78.4,78.5,78.3,59.10%,59.50%,59.20%,55.80%,57.40%,60.00%,60.00%,57.80%,49.60%,50.40%
NUTS3,UKG32,Solihull,1,0,0,1,120.9,121.1,119.9,115.4,117,120,121.9,118.5,120.2,119.5,119.8,112.4,110,109.1,109.1,115.4,113.4,117.3,126.6,133.6,132.6,4,4.1,4.4,5.2,7.6,8.4,7.6,7.2,6.9,5.8,5.1,4.8,4.9,4.2,3.7,17.37,17.238,81.94463,82.04247,82.51356,82.97337,83.37599,83.12618,83.44665,83.51457,84.1573,84.24514,84.44606,84.26275,84.19414,84.19503,84.24292,75.4,75.6,75.7,75.7,75.7,75.8,76.2,76.8,77.2,77.8,78,77.9,77.3,77.2,77.4,67.30%,65.20%,65.10%,62.50%,62.10%,67.10%,62.80%,61.70%,43.80%,56.20%
NUTS3,UKG33,Coventry,1,0,0,1,104.7,101.7,102.7,100.9,100,100.7,98.3,99,101,95,90.4,87.2,86.6,86.9,85.8,87.8,90.1,91.6,92.2,91.2,90.1,5.5,6.6,6.4,7.2,8.9,10,9.1,9,9.6,8.1,6.6,6,5,4.8,4.7,25.613,28.107,79.98282,80.23925,80.4519,80.46685,80.59918,80.71656,80.96211,81.17032,81.72001,81.96612,82.29871,82.19089,82.28092,82.3712,82.38819,75.6,75.9,76.1,76.6,77,77.2,77.6,78,78.6,78.8,79.1,79.1,78.9,78.6,78.9,60.20%,58.20%,60.60%,54.40%,54.80%,57.10%,59.40%,54.80%,44.40%,55.60%
NUTS3,UKG36,Dudley,1,1,1,1,78.3,78.8,77.4,76.7,75.1,77.1,72,71.7,71.8,71,70.3,68.6,65.3,64,63.3,62.6,61,61.4,62.1,61.8,62.7,5.1,4.2,5.6,6.4,8.6,9.6,10.6,9.1,8.9,8.4,6.9,6.8,6.2,6,5,24.103,22.958,80.32549,80.5065,80.77719,81.22546,81.45471,81.69279,81.98759,82.22693,82.6049,82.83082,82.99992,83.07537,82.89005,82.89119,82.90494,73.7,74,74.3,74.3,74.2,74.3,74.9,75.6,76.2,76.7,77,77,77.1,77,77.1,59.50%,59.80%,54.30%,55.50%,56.00%,60.60%,56.70%,60.20%,32.40%,67.60%
NUTS3,UKG37,Sandwell,1,1,1,1,88.9,89.1,84.3,84,82,82.6,77.5,77.1,76.1,76,76.3,74,72.2,72.5,70.8,72.9,71.8,73.5,70.2,71.5,70.6,8.3,7.1,7.8,8.7,14.4,13.2,11.4,12.7,12,11.2,9.7,8.3,7.7,7,5.3,34.884,34.614,78.91327,79.18391,79.34351,79.66783,79.90212,79.91083,80.53819,80.68672,81.25506,81.1487,81.3008,81.23393,81.33395,81.35345,81.28134,77.5,78.1,78.4,78.3,78.3,78.7,79.8,80.5,80.8,80.5,80.2,80.1,80.4,80.5,80.3,52.90%,53.60%,51.80%,51.50%,55.30%,56.10%,55.20%,52.00%,33.30%,66.70%
NUTS3,UKG38,Walsall,1,1,1,1,74.9,76.4,75.8,75,73,70.8,66.4,68.7,68.4,66.6,64.3,62.9,62.3,64.6,65.6,65.5,65.7,67.3,67.5,67.6,68.2,5.9,7.6,7.5,7.5,10.4,11.6,10.7,11,11.3,9.7,8.2,7.7,5.9,5.7,5.3,31.555,30.37,80.34247,80.32892,80.63354,80.69111,81.12949,81.08593,81.61838,81.66557,82.11406,82.14467,82.58028,82.37545,82.31711,81.98351,81.95645,74.4,74.5,75,75.3,75.6,75.7,76.3,76.7,77.2,77.3,77.4,77.5,77.4,77.2,77.2,55.50%,53.20%,56.80%,51.40%,50.00%,58.10%,55.40%,56.30%,32.10%,67.90%
NUTS3,UKG39,Wolverhampton,1,1,1,1,85.6,86.8,88,87.3,86.1,84.4,79.7,82.3,82.8,80.9,78.5,76.2,76.1,78.8,78.3,78.1,76.2,73.8,69.9,68.8,70,6,7,8.1,9.4,11.1,12.7,12.6,13.1,13.5,12.1,10.5,9.2,7.4,7.5,6.4,32.102,33.183,79.99439,79.97724,79.93494,80.0921,80.34921,80.5045,80.97359,80.76111,81.42465,81.55286,81.91423,81.6783,81.39687,81.34765,81.32253,74.6,74.9,75.4,75.5,75.9,76,76.4,76.6,77.1,77.4,77.6,77.6,77.5,77.5,77.7,57.20%,56.80%,57.40%,52.70%,49.40%,59.70%,55.00%,56.30%,37.40%,62.60%
NUTS3,UKH11,Peterborough,0,0,0,0,114.7,112.3,114,110.2,108.5,109.9,110.4,113.3,111.1,115.1,115.9,109.5,110.7,110.1,106.5,109.2,107.4,108,106.9,107.5,106.8,4.6,5.3,5.4,6.4,7.5,9.1,9.8,9.5,9.5,7.4,6.6,4.3,4.9,4.6,5.4,27.821,27.659,79.68139,80.33289,80.3906,80.77694,80.72572,81.1703,81.61965,82.06699,82.42913,82.33525,82.44728,82.34325,82.41288,82.24616,82.41047,75.3,75.9,76.3,76.7,76.5,77,77.2,77.6,77.6,77.8,78,78.5,78.6,78.6,78.3,56.80%,56.40%,56.90%,53.60%,54.40%,57.60%,51.40%,52.10%,39.10%,60.90%
NUTS3,UKH12,Cambridgeshire CC,0,0,0,0,107.9,106.4,108.3,109.5,111.6,109.1,105.6,104.8,104.9,109.3,109.2,109.1,106.4,108.1,109.4,112.4,110.9,110.1,111.1,110.6,110.1,3.52,4.42,3.82,3.68,4.98,5.48,5.7,6.1,5.64,4.3,3.5,3.1,3,2.86,2.6,14.5668,14.2128,81.82117,81.980792,82.24612,82.578552,82.791886,82.893212,83.177182,83.53734,84.088826,84.325104,84.3937,84.264686,84.251426,84.19131,84.181624,77.1,77.4,77.7,78.2,78.6,78.9,79.3,79.5,79.8,80.4,80.7,80.7,80.4,80.4,80.4,66.20%,66.50%,67.60%,61.40%,59.10%,62.10%,56.90%,59.50%,52.10%,47.90%
NUTS3,UKH14,Suffolk,0,0,1,0,97.6,93.8,89.6,92.9,93.6,93.4,92.7,91.2,88.3,90.3,88.3,89.2,87.4,88.5,88.5,88,88.3,87.4,86.6,85.9,85.9,3.566666667,4.133333333,3.966666667,3.6,5.5,6.266666667,6.233333333,6.6,6.2,5.066666667,4.7,3.7,4.033333333,3.533333333,3.233333333,17.8374,17.8104,81.68882714,81.89990143,82.09006857,82.76842714,83.07598143,83.32084286,83.27948857,83.43120714,83.79168857,83.98161429,83.97270857,84.03922429,84.01248,84.15508857,84.12082,77.7,78,78.4,79,79.3,79.5,79.7,80,80.3,80.4,80.5,80.6,80.8,81,81,63.60%,62.80%,60.10%,56.30%,53.20%,55.30%,50.80%,55.10%,42.80%,57.20%
NUTS3,UKH15,Norwich and East Norfolk,0,1,1,0,95.6,95,95.5,93.2,93.2,92.4,93.1,95.8,98.2,100.2,95.8,93,95.6,90.5,89,91,89.4,88.1,86.4,87.7,84.3,5.566666667,6.066666667,5.433333333,5.633333333,6.533333333,7.733333333,8.1,8,7.933333333,6.766666667,5.5,4.533333333,4.833333333,5.466666667,3.833333333,24.171,24.073,81.53794667,81.59946667,82.07122667,82.10401,82.48784333,82.43705,82.44739,82.54644667,82.80979333,83.17624,83.1295,83.22933333,83.20622333,83.29452,83.35182667,77.3,77.7,78,78.2,78.3,78.5,78.8,79,79.2,79.5,79.8,79.7,79.9,79.8,80,59.10%,57.60%,58.90%,53.80%,50.80%,51.20%,55.90%,54.80%,44.80%,55.20%
NUTS3,UKH16,North and West Norfolk,0,1,1,0,85,82.4,83.9,83.3,83.4,82.3,81.1,80.9,79.9,77.7,74.7,76,75.7,76.7,76.7,77.9,76.9,76.3,75.8,76.8,76.1,4.15,4.6,4.55,4.75,5.7,6.35,7.05,6.8,6.05,5.45,4.9,3.5,3.7,2.75,2.75,22.389,22.373,81.765995,81.905385,82.378215,82.83965,83.039215,83.06297,83.53175,83.842585,84.267785,84.23813,84.01225,84.115925,84.05571,84.13424,83.81522,77.3,77.6,77.4,77.2,77.6,78,78.1,78.4,79,79.6,79.7,79.9,80,79.6,79.4,59.10%,61.20%,58.50%,56.10%,55.00%,55.30%,54.60%,52.00%,36.80%,63.20%
NUTS3,UKH17,Breckland and South Norfolk,0,1,1,0,83.3,80.9,80.6,79.5,78.8,77.3,76.7,76.3,75.2,75.1,72.3,73.9,74.2,77.5,78.5,81,78.9,79.6,79.1,77.3,75.1,3.35,3.65,3.6,3.7,5.25,6.05,5.7,5.65,6.05,4.75,4.2,3.1,3.3,3.3,2.65,16.466,16.408,81.98887,81.85462,82.33932,82.70284,82.914745,82.869705,83.02363,83.044175,83.41429,83.672945,83.859885,83.841725,83.603515,83.85235,84.14417,76.4,76.5,76.5,76.6,76.7,76.9,77,77.7,78.5,79.2,79,78.6,78.7,78.4,78.9,67.70%,67.80%,64.10%,59.30%,59.30%,57.60%,58.80%,61.70%,42.30%,57.70%
NUTS3,UKH21,Luton,0,0,0,0,98.2,96.6,100.3,97.5,100.1,100.7,101,95.2,99.7,104.9,108.1,114.1,106.1,98.4,92.9,88.1,87.2,88.2,89.9,91.6,96,7,7.6,7.9,7.5,9.7,9.6,9.3,10.1,9.2,8.7,5.9,5.3,5.2,5.5,4.5,25.908,27.577,79.28519,79.76117,79.95492,80.07634,80.39522,80.52579,80.72237,81.07694,81.78344,81.98887,82.24939,82.16086,82.25757,82.15171,82.25093,75.1,75.4,75.6,75.9,76.3,76.3,76.8,77,77.8,77.8,78.2,78.2,78.7,78.4,78.3,55.80%,56.70%,55.90%,55.20%,57.00%,59.50%,57.00%,56.80%,43.50%,56.50%
NUTS3,UKH23,Hertfordshire,0,0,0,0,120.6,123.3,125.8,127.7,126.6,124.9,124.8,121.3,123,118.8,115.7,120.4,118.2,115.2,112,110.7,112.4,112.9,113.5,115,116.8,3.52,3.99,3.88,3.64,5.14,6,6.3,6.08,5.63,4.83,4.37,3.43,3.63,3.38,3.09,13.2276,12.6767,81.430172,81.681522,81.929684,82.22824,82.433987,82.558969,82.863254,83.105922,83.589468,83.580683,83.792526,83.856525,84.063386,84.133026,84.09948,77.2,77.4,77.8,78.2,78.4,78.6,78.8,79.1,79.6,79.8,80,80,80.2,80.4,80.4,72.50%,71.20%,68.90%,66.40%,68.10%,66.90%,65.90%,67.40%,49.70%,50.30%
NUTS3,UKH24,Bedford,0,0,0,0,97.5,96.4,92,92.2,90.8,90.7,92.9,93.2,93.4,92,92.6,92.1,94,92.6,93.9,89.5,88.3,88.5,92.1,89.9,90.6,4.1,4.5,4.7,4.9,6.6,7.6,7.3,7.4,7.9,6.4,6,4.4,4.8,4.1,3.6,18.932,19.238,81.00692,81.31352,81.24829,81.6556,81.81646,81.94029,82.23515,82.35759,82.69124,82.95591,83.34238,83.75207,83.55007,83.41896,83.23609,77.1,77.5,77.5,77.9,78.4,78.9,79.1,79.3,79.9,80.3,80.8,81.3,81.7,81.4,81.4,64.60%,64.40%,62.60%,57.20%,57.20%,60.30%,55.70%,58.40%,48.20%,51.80%
NUTS3,UKH25,Central Bedfordshire,0,0,0,0,88.2,89.5,85.4,86.5,85.3,85.6,85.5,84.6,83.1,81,81.8,80.6,78.6,77.5,78.5,78,80.4,79.7,78.1,78.3,78.7,3.1,3.7,3.7,3.2,5.1,5.9,5.8,5.9,5.7,4.4,3.7,3.1,3,3,2.4,12.152,12.201,81.38596,81.61829,81.62529,81.86874,81.95479,82.25351,82.28975,82.77785,83.33532,83.78133,83.74452,83.64221,83.6817,84.01384,84.38675,75.9,76,76.6,77.2,77.6,77.8,78.3,78.5,78.6,78.7,79.1,79.3,79.2,79.2,79.4,57.40%,60.50%,57.40%,59.40%,53.40%,52.40%,56.50%,56.10%,43.90%,56.10%
NUTS3,UKH31,Southend-on-Sea,0,0,0,0,78.3,78.6,78,79.9,79.9,81.5,80.9,78.6,74.7,74.7,74.1,74.4,75.7,73.7,70.4,69.4,68.2,69.4,68.6,67,65.8,4.8,5.7,5.6,5.2,6.9,7.9,8.2,7.7,7.9,7.5,5.7,5.3,5,4.2,3.5,22.375,24.516,80.28,80.59334,80.88697,80.95812,81.56135,81.77818,82.29386,82.06582,82.35496,82.49923,82.87556,83.13225,83.05372,82.93321,82.35259,75.6,76.4,76.8,77.4,77.2,77.7,77.7,78.2,78.6,79.6,79.7,79.5,78.5,78.6,78.7,70.50%,70.30%,68.20%,65.70%,63.50%,61.50%,61.00%,65.00%,41.90%,58.10%
NUTS3,UKH32,Thurrock,0,0,0,0,106.5,107,98.6,93.1,90.6,90.7,97,99.9,90.8,91.3,82,80.8,85.4,80.6,84.8,73.9,76.1,76,77.6,77.8,77.5,4.4,4.7,4.8,4.6,7.4,7.6,8.7,9.3,7.8,7.3,6.6,4.8,4.8,4.3,4.1,20.928,21.603,80.62277,80.60808,80.92144,81.2073,81.14058,81.26473,81.41321,81.75324,82.03682,82.27119,82.55462,82.50143,82.64316,82.30045,82.28381,75.6,76.2,76.9,77.6,77.8,77.7,77.9,78.2,78.7,79,79,79.3,79,79.1,78.8,58.90%,58.60%,59.80%,51.40%,55.40%,56.00%,55.00%,54.40%,27.70%,72.30%
NUTS3,UKH34,Essex Haven Gateway,0,0,0,0,83.9,82.6,80.3,81,82.2,81.4,84.1,81.9,80.4,81.2,80.9,79.5,76.9,79.1,78.3,77,76.2,77.3,76.1,74.1,74.9,3.633333333,4.733333333,4.633333333,4.766666667,6.633333333,6.9,7.5,7.466666667,7.533333333,6.533333333,5,4.5,4.5,3.9,3.133333333,20.66166667,20.233,81.15453,81.57928667,81.78465,82.08339667,82.20844667,82.33253667,82.52595,82.59111333,82.80786667,82.71681667,82.90876,82.94406333,82.75966667,82.63394333,82.44612667,78.7,79.1,79.2,79,79.4,79.4,80.2,80.5,81,81,81.4,81.3,81.2,81,81.4,56.10%,59.50%,58.60%,54.60%,53.10%,59.30%,55.80%,55.50%,39.00%,61.00%
NUTS3,UKH35,West Essex,0,0,0,0,97.4,94.9,92.8,94.8,97.9,97.3,100.6,97.4,96.2,96.6,96.4,96.5,91.9,95.3,93.5,91.2,90,95.4,97.5,95.8,97.5,3.633333333,4.033333333,3.833333333,4,5.633333333,7,6.5,6.866666667,6.233333333,5.166666667,4.833333333,3.266666667,3.533333333,3.433333333,3.433333333,15.24633333,16.163,81.43067333,82.01323333,81.9269,82.57270667,82.54769667,82.85748,82.91797,83.29226667,83.42031,83.58729,83.96784667,83.92812,83.98632333,83.70932667,83.94625667,77.3,77.3,77.4,77.6,78.2,78.4,78.8,79.1,79.3,79.7,79.8,80.1,80,79.6,79.7,67.30%,68.50%,68.20%,62.80%,63.70%,63.30%,62.20%,60.80%,39.60%,60.40%
NUTS3,UKH36,Heart of Essex,0,0,0,0,94,93,90.2,91.1,93.6,93.1,96.7,93.7,92.9,94.8,95.7,94.6,96.5,95.1,94.5,92.8,92.2,92.2,94.2,93,95.1,3.1,3.3,3.25,3.35,4.8,5.6,5.55,5.2,5,4.2,4.1,3.3,3.15,3.4,3.2,11.114,11.147,82.08423333,82.11251333,82.32696333,82.78645667,83.17688667,83.28514667,83.55558,83.65095333,83.87511,83.96025,83.99589,84.18627333,84.05474,84.13100333,83.93154667,78,78.1,78.4,78.7,79.1,79.1,79.5,79.7,80.1,80.1,80.2,80.2,80.2,80.3,80.3,66.80%,66.30%,68.20%,66.70%,60.20%,62.80%,60.50%,60.40%,43.60%,56.40%
NUTS3,UKH37,Essex Thames Gateway,0,0,0,0,81.9,80.9,78.5,79.6,80.6,79.7,82.2,80.5,79.4,80.2,80.6,80,77.7,78.3,77.9,77.6,77,76,77.1,72,72.2,3.8,4.6,4,4.15,6.25,7.6,7.15,7.1,8.2,6.05,5.05,4.1,4.4,3.75,3.3,20.0425,20.125,81.20719333,81.37102,81.74948,82.37131,82.53947667,82.54651667,82.75013667,82.87283,83.29461333,83.22430333,83.37211333,83.2838,83.56124,83.42301,83.52948,77.1,77.4,77.7,78.3,78.5,78.8,79.3,79.4,79.5,79.3,79.7,80,80.1,80,79.8,62.20%,65.20%,61.70%,60.70%,62.10%,61.10%,59.40%,59.00%,30.90%,69.10%
NUTS3,UKI31,Camden and City of London,0,0,0,0,855.9,866.3,828.5,851.9,826,833.8,864.4,893.5,957,966.4,1052.2,1050.6,1131.4,1161.7,1182,1168.4,1159.1,1204.5,1161.1,1250.3,1237.2,7.7,8.3,8.4,6.8,7.3,9.2,8.4,8.4,8.7,6.6,6.1,5.7,5.3,5,4.8,17.4255,19.2805,80.96292,81.23814,81.72355,81.83187,82.36862,82.74787,83.52113,84.09224,84.40474,84.85193,85.43054,86.07625,86.16366,86.78929,86.54595,77,77.3,77.6,78.1,78.6,79.1,79.2,79.3,79.6,80.1,80.7,81.2,81.3,81.4,81.5,71.70%,73.00%,70.90%,65.40%,68.10%,70.80%,66.90%,66.60%,75.00%,25.00%
NUTS3,UKI32,Westminster,0,0,0,0,737.5,747.1,738.6,747.7,729.8,710.8,706.6,698.1,701.1,693.4,737.8,781.2,828.2,837.5,856,851.4,865.4,896.9,866.1,900.6,919.8,7.2,8.8,8.2,6.9,7.3,8,7.9,7.8,7.8,5.5,6.6,6,5.9,5.7,4.5,20.339,27.686,82.33225,82.62281,82.6039,83.43111,83.81345,84.59691,84.82794,84.80804,84.64423,84.60646,85.29666,85.71673,85.92943,85.93629,86.0263,0,0,0,0,0,0,0,0,0,0,0,0,0,0,0,73.50%,72.50%,68.20%,67.40%,69.00%,64.70%,68.60%,57.30%,69.00%,31.00%
NUTS3,UKI33,Kensington & Chelsea and Hammersmith & Fulham,0,0,0,0,227.7,232.3,230.3,234.9,229.6,225.6,223.9,224.5,225.1,222.7,233.4,242.4,239.5,250.6,257.3,264.1,262.9,256.5,255.2,261.5,272.4,6.75,7.2,7.5,6.15,7.75,8.1,7.75,7.75,7.9,6.35,5.65,5.7,5.9,5.9,5.75,21.898,23.869,82.830275,83.33406,83.455095,84.11036,84.325365,84.57858,84.535115,84.484125,84.51055,84.334495,84.579115,84.98944,85.178685,85.38408,85.32902,75.9,76.3,76.8,77,77.7,78.1,78.7,79.1,79.4,79.9,80.2,80.6,80.4,80.5,80.7,72.70%,73.80%,73.60%,65.50%,71.90%,72.70%,72.30%,72.80%,69.50%,30.50%
NUTS3,UKI34,Wandsworth,0,0,0,0,141.3,141.3,143.7,148.4,147.2,143.2,138.9,138.8,140.8,139.3,148,152.7,143.8,142.3,144.9,152.5,153.2,151.6,149.5,147.5,147.6,6.2,7.1,6.3,5.3,5.8,6.6,7.1,6.6,7.4,5.3,5,4.8,4.5,3.9,4.3,16.611,18.295,80.21126,80.52413,80.83828,81.12971,81.33946,81.36498,81.84239,82.39213,83.00433,83.1477,83.2143,83.62041,83.6487,83.83216,83.63045,0,0,0,0,0,0,0,0,0,0,0,0,0,0,0,74.20%,72.20%,72.70%,62.50%,60.00%,59.70%,52.50%,59.70%,75.00%,25.00%
NUTS3,UKI41,Hackney and Newham,0,0,0,0,97.3,97.4,97,99.5,98.4,95.6,94.9,96.3,97.9,95.9,97.6,93.8,94.3,93.8,95.4,98.2,94.3,91.3,88.4,89.1,90.7,10.6,10.65,11.35,10.25,11.2,11.25,12.75,12,11.6,10.1,7.5,7.7,5.7,5.65,4.9,31.0515,34.1095,79.50972,79.669595,79.96341,80.259005,80.525525,80.71408,80.974995,81.413645,81.98029,82.45367,82.621965,82.912875,82.642155,82.965115,82.92722,76.5,76.7,77.2,77.8,78.1,78.3,78.8,79.4,80,80.3,80.8,81,81,81.1,81.4,67.00%,66.10%,66.60%,61.50%,58.80%,61.20%,62.70%,58.90%,65.80%,34.20%
NUTS3,UKI42,Tower Hamlets,0,0,0,0,331.2,321.6,307.8,321.7,313.6,307.9,321,343.4,377.6,374,402.4,380.9,390.3,362.6,407.1,381.6,374.8,379.7,370,356.5,354.3,12.9,12.4,14.1,11.1,12.5,12,13.1,12.7,13.6,9.7,8.7,7.2,8.1,7.1,6.1,27.913,35.657,78.80504,79.15812,79.8113,80.1104,80.31324,80.26765,80.63989,81.04197,81.65688,81.77007,82.39766,82.25848,82.41047,82.32717,82.92375,75.6,76.2,76.2,76.7,77,77.5,77.9,78.3,78.8,79.1,79.2,79.4,79.7,80,80.2,64.20%,65.00%,63.10%,66.30%,60.70%,64.60%,62.40%,61.60%,67.50%,32.50%
NUTS3,UKI43,Haringey and Islington,0,0,0,0,170.6,174.7,179,187.5,187.4,183.9,184.7,188.4,191.8,186.2,193.3,197.6,190.8,190.4,190.2,186.7,182.3,179.9,176.4,174.9,173.9,9.3,9.3,9.25,8.05,10.05,11,10.75,10.5,10.5,8.25,7.1,6.8,6.3,5.25,4.8,27.7455,31.7885,79.62819,79.814545,80.310515,81.056895,81.79111,82.02947,82.417635,82.54835,82.86737,83.213805,83.72525,83.8841,83.774445,83.960305,83.96359,77.2,77.6,78.1,78.4,78.6,79,79.4,79.7,79.9,80.2,80.4,80.9,80.9,80.9,80.5,62.90%,63.50%,63.80%,57.30%,61.50%,63.90%,55.50%,52.80%,75.40%,24.60%
NUTS3,UKI44,Lewisham and Southwark,0,0,0,0,124,125.1,126.5,131.6,131,129.4,129.6,129.7,132.1,129.2,134.4,135.1,131.5,140.7,141,141.3,136.4,133.4,132.3,129,129.1,8.6,8.45,8.85,8.35,9.25,10.45,11.05,10.7,10.2,8.9,6.85,7.1,5.75,5.6,4.6,26.236,29.04,79.493555,79.899335,80.21157,80.757835,81.05249,81.25509,81.557955,81.782525,82.22901,82.57553,83.111895,83.431155,83.394735,83.52925,84.038585,73.3,74,74.7,74.8,75.1,75.2,75.9,76.2,77,77.3,77.9,78.2,78.7,79,79.3,62.70%,61.80%,61.10%,58.50%,59.20%,62.80%,57.70%,58.20%,71.40%,28.60%
NUTS3,UKI45,Lambeth,0,0,0,0,111.9,114,115.5,120,119.1,118.4,119,119.9,121,117.4,122.8,132.1,130,129.6,131.1,132.4,128,133.2,132.6,126.1,128.5,9.3,9.5,9.2,8.6,9.8,9.6,11.1,9.8,8.5,7.9,6.6,6.5,5,5.5,5.6,25.422,28.913,79.76266,79.93908,79.83597,80.17418,80.61393,81.01602,81.02424,81.0957,82.0091,82.74999,83.22458,82.97042,83.02318,83.18412,83.47974,77,77.5,77.8,78.7,79.3,79.4,79.8,79.9,80.2,80.1,80.1,80.3,80.5,80.8,80.9,65.10%,64.70%,67.80%,62.70%,63.00%,68.90%,64.80%,61.60%,78.60%,21.40%
NUTS3,UKI51,Bexley and Greenwich,0,0,0,0,78.6,79,80.7,80.4,79.1,77.9,77.5,77,76.9,77.1,78.2,76.5,74.9,74.3,74.2,74.4,74.8,74.2,71.5,68.4,69,6.45,6.85,6.7,5.7,8.5,9.3,8.8,10,9.25,8.15,7.35,5.65,5.4,4.65,4.3,20.3685,20.857,80.58242,80.795175,81.008805,81.51303,81.875275,81.972765,82.19748,82.34272,82.88657,83.08762,83.37633,83.339235,83.318725,83.283705,83.41014,76.7,77,77.4,78.2,78.3,78.4,78.5,79,79.4,79.8,79.9,80.4,80.3,80.5,80.4,63.50%,65.30%,63.00%,57.70%,61.60%,65.50%,64.10%,60.10%,45.90%,54.10%
NUTS3,UKI52,Barking & Dagenham and Havering,0,0,0,0,82.8,82.7,83.3,81.6,80.6,79.8,79.8,79.7,79.3,78.9,79.9,79.1,75.3,76.5,76.2,78.1,77.2,75.6,74.6,71.7,71.5,6.45,7.6,6.25,6.05,8.1,10.55,11,10.65,12.25,8.85,8.6,6.9,6.05,5.2,5.35,24.7785,26.2555,80.12145,80.139315,80.390225,80.850455,81.08487,81.323725,81.65684,81.909395,82.49008,82.60342,82.88152,82.85478,82.951555,83.05049,83.16557,76.2,76.7,77.3,77.6,77.8,78.3,78.6,79.1,79.4,79.8,79.8,80,79.9,80,80,64.10%,65.90%,61.90%,57.90%,62.90%,63.10%,61.00%,61.70%,32.80%,67.20%
NUTS3,UKI53,Redbridge and Waltham Forest,0,0,0,0,72.4,72.4,73.5,73,72.7,72.2,72.5,72.3,72.2,71.6,71,70.2,65.6,65.1,65.4,68.4,68.3,68,65.8,63.9,64.7,7.85,7.9,7.85,6.85,9.3,10.4,9.9,10.75,9.4,8.85,7.3,5.85,5.5,4.65,4.55,21.206,25.216,80.296335,80.65242,81.0433,81.508375,81.77697,81.933065,82.32374,82.63996,83.121315,83.47348,83.762615,84.04701,83.96473,84.13566,84.244795,75.6,76.1,76.7,77.7,78.3,78.7,78.9,79.1,79.3,79.4,79.9,80.4,80.5,80.7,80.8,69.30%,68.40%,68.30%,62.10%,64.20%,64.70%,62.50%,62.20%,56.30%,43.70%
NUTS3,UKI54,Enfield,0,0,0,0,86.8,87.8,87.5,86,84.1,83.4,84.1,84.5,84.3,84,84.8,82,79.3,79,77.1,78.8,77.5,75.3,73.6,70.8,72.9,7.6,8,7.4,7,10,10.6,11,12.8,10.5,8.7,6.9,6.2,6.3,5.3,5.2,25.781,26.994,81.02543,81.12613,81.30485,81.89297,82.30887,82.48555,82.69332,82.74862,83.66704,83.8041,84.18571,84.09488,84.17346,84.54239,84.52724,74.4,74.5,75,74.9,75.4,75.5,76.6,76.9,77.5,77.5,78,78.4,78.7,78.9,78.8,61.80%,61.80%,63.50%,57.40%,61.70%,64.50%,55.30%,60.30%,55.80%,44.20%
NUTS3,UKI61,Bromley,0,0,0,0,101.2,103,104.4,104.5,102.9,102.5,103.9,104.3,103.9,103.9,104.2,96.1,93.9,89.7,88,89,86.5,87.3,84.6,83.8,82.6,4.5,5.6,4.6,3.9,6,6.6,6.9,6.6,6.6,5.4,5.3,4.9,3.9,3.8,4,14.163,15.164,82.01637,82.28508,82.61259,83.26265,83.36723,83.44168,83.53937,83.93298,84.24138,84.36059,84.73785,84.71903,85.05798,84.90473,85.25488,76.8,76.8,77.1,77.4,77.8,78.2,78.9,79,79.1,79.1,79.8,80.1,80.4,80.3,80.4,69.90%,71.00%,72.60%,70.30%,67.70%,74.70%,69.60%,68.70%,50.60%,49.40%
NUTS3,UKI62,Croydon,0,0,0,0,94.8,96,98.3,98.4,96.2,96.9,98.1,97.7,97.3,97.8,99.1,96.9,89.7,85.7,80.5,79.3,76.3,76.9,73,72.4,73.8,6.6,7.1,6.8,5.1,8.2,9.2,8.7,10.6,9.6,8,6.3,5.5,5.9,6.6,5,22.477,23.643,80.68417,80.78934,81.01102,81.22838,81.86487,82.11023,82.6196,82.48917,82.87142,83.03343,83.32104,83.41471,83.38134,83.60377,83.65259,76.6,76.8,77,77.7,78.2,78.5,78.8,79.1,79.7,80.4,80.4,80.4,80.1,80.2,80.3,63.50%,61.20%,61.10%,62.10%,59.30%,65.80%,62.60%,61.20%,54.30%,45.70%
NUTS3,UKI63,"Merton, Kingston upon Thames and Sutton",0,0,0,0,98.5,99.6,101.5,101.9,98.7,98.6,99.3,98.5,98.1,98.1,100.8,101,96,98.2,97.9,99.4,97.8,98.1,91.5,92,91.6,5.133333333,5.866666667,4.766666667,4.3,5.633333333,6.7,7.066666667,7,6.3,5.566666667,5.233333333,5.133333333,4.433333333,4.333333333,4.333333333,13.339,13.54466667,81.21315667,81.62685667,82.11518667,82.66806667,82.67990333,82.82704333,83.08587667,83.59329333,83.93334333,84.10714,84.05416667,83.96575,84.05339667,84.19796667,84.46303,75.4,75.8,76.1,76.4,76.8,77.3,77.7,78,78.7,79.1,79.6,79.6,79.6,79.8,80,74.00%,73.80%,73.30%,66.70%,68.80%,70.20%,67.60%,66.40%,56.50%,43.50%
NUTS3,UKI71,Barnet,0,0,0,0,100.2,100.7,101.5,102.2,98.7,98.5,98.8,98,97,96.1,97.5,99.4,96.1,96.6,96.4,95.9,96.3,100.7,98.9,95.7,95.5,6.4,7,6.6,5,7.8,7.6,7.6,8.9,7,6.6,6.5,5.1,5,4.5,4.6,16.148,17.813,82.2002,82.62586,82.9194,83.31411,83.44426,83.79073,83.90429,83.93489,84.04982,84.41649,84.8783,85.02025,85.01943,85.15706,85.45406,76,76.5,77.2,77.8,78.1,78.4,78.6,79.1,79.6,79.6,79.8,79.9,79.9,80.2,80.3,75.40%,77.20%,72.80%,71.00%,69.30%,71.90%,70.10%,69.20%,62.20%,37.80%
NUTS3,UKI72,Brent,0,0,0,0,105.8,105.6,107.7,106.7,102.1,101,100.5,98.6,98.5,95.9,95,94.9,89.9,90.8,89.6,95.1,95.6,97.5,96.6,97.3,97,8.4,8.6,9.2,7.4,8.3,9.4,10.4,10.5,10.6,8.7,6.4,7.9,6.6,5.9,4.1,25.558,26.655,81.5744,82.11099,82.618,83.09933,83.40979,83.51245,83.59024,83.58158,84.07546,84.17133,84.40172,84.60235,84.90109,85.09307,84.98596,74.7,75.4,75.6,76.3,76.9,77.6,78.2,78.7,79.6,80.1,80.7,81.4,81.7,82.1,82.3,64.70%,65.10%,60.70%,56.10%,56.20%,58.70%,56.00%,59.00%,59.70%,40.30%
NUTS3,UKI73,Ealing,0,0,0,0,111,112.2,114.3,114.1,109.6,107.6,106.8,104.4,103,101.1,100.9,98.1,90.7,91.6,96,98.8,100,103.2,101.1,102,104.4,6.9,9.1,7.2,5.9,9.1,9.7,9.1,10.6,10.6,9.3,6.8,6.4,5.3,4.9,5.2,22.71,23.585,81.17641,81.30426,81.59629,82.02846,82.72869,82.80402,82.94295,82.99738,83.61444,83.90289,84.07837,84.01569,84.03675,84.24428,84.64362,74.1,74.6,74.8,75.1,75.1,75.6,76.1,77,77.8,78.4,78.6,79,79,79.3,79.2,69.30%,70.30%,64.60%,64.60%,62.40%,61.30%,57.60%,57.80%,60.40%,39.60%
NUTS3,UKI74,Harrow and Hillingdon,0,0,0,0,142,145.8,149.6,150.1,145.1,143.2,143.5,140.1,137.3,133.5,133.6,131.1,122.3,122.8,119.9,122.2,125.4,134.3,128.2,123.8,125.8,5.85,7.7,5.8,5.15,6.65,7.85,7.75,7.55,8.1,6.65,5.3,5,4.65,3.95,4.35,16.627,16.205,82.09469,82.066785,82.09276,82.61879,83.061225,83.534065,83.718895,83.86627,84.15344,84.197685,84.535675,84.711595,84.786095,84.848135,84.856145,74.9,75.3,76,76.1,76.6,76.7,77.2,77.7,78.3,78.7,79.1,79.5,79.6,80.1,80.1,67.60%,68.00%,65.80%,60.00%,61.70%,63.80%,62.60%,62.00%,48.80%,51.20%
NUTS3,UKI75,Hounslow and Richmond upon Thames,0,0,0,0,132.3,136.1,140.2,142.8,137.7,137.1,135.5,132.2,129.5,128.7,130.9,133.1,126.7,127.4,128.5,133.9,138.3,144.8,152.3,155.8,153.1,5.5,6.05,5.2,4.25,5.85,6.85,6.5,6.25,5.85,5.2,5.25,4.85,4.9,4.75,4.2,15.456,16.253,81.071115,81.23885,81.58428,81.92826,82.530075,82.955465,83.623625,83.82757,84.183395,84.281605,84.389,84.70171,84.772615,85.08288,84.844265,78.1,78.9,79.2,79.9,80.1,80.3,80.3,80.4,80.6,81,81.4,81.8,82.1,82.2,82,69.70%,71.30%,67.40%,65.70%,66.70%,67.90%,62.10%,63.70%,59.90%,40.10%
NUTS3,UKJ11,Berkshire,0,0,0,0,160.7,164.9,173.3,169.9,165.7,171.5,171.4,165.4,168.6,166.3,161.8,159.5,157.4,157.3,159.9,159.1,157.5,153.6,154.3,151.9,148.4,3.816666667,4.183333333,4.15,3.866666667,4.95,6.016666667,5.666666667,5.766666667,5.45,4.75,3.8,3.7,3.266666667,3.033333333,3.033333333,12.83316667,12.90083333,81.42013667,81.67903833,81.94472,82.31214667,82.54361,82.695655,82.94454667,83.24328333,83.53345,83.67787667,83.761065,84.00559667,84.15532,84.175495,84.13692,77.1,77.6,78,78.4,78.7,78.9,79.1,79.4,79.8,80,80,80.3,80.4,80.5,80.5,70.90%,70.50%,68.70%,66.00%,64.70%,67.30%,63.20%,63.30%,52.70%,47.30%
NUTS3,UKJ12,Milton Keynes,0,0,0,0,148.7,147,147.5,147.6,149.3,152.6,158.3,152.9,144,144.1,148.4,153.9,149.4,153.7,157.6,154.3,153.1,157.7,164.2,173.6,169.5,4.2,5.5,4.6,4.6,6.2,8.9,7.4,7.7,8.5,6.7,5.8,4.8,4.3,4.4,3.8,17.98,18.029,80.06104,80.27731,80.28956,80.85646,81.31735,81.58153,81.88219,81.97876,82.42538,82.41983,82.54349,82.59919,82.85556,82.9506,83.12449,76.4,76.2,76.5,77.2,77.8,77.8,77.7,77.7,78.3,78.6,79,79.1,79.1,79.1,79.1,60.50%,63.10%,60.10%,55.00%,51.00%,62.00%,59.50%,51.80%,48.60%,51.40%
NUTS3,UKJ13,Buckinghamshire CC,0,0,0,0,124.9,126.6,123.7,125.7,121.6,118.9,117.7,119.1,114.2,111.4,109.8,113.1,113.1,112.9,112.4,114.5,113.4,111.6,114,112.9,110.1,3.15,3.6,3.45,3.4,4.1,5.325,4.725,4.875,5.375,4.15,3.975,3.5,2.95,2.975,2.75,9.5895,9.332,82.012485,82.13664,82.34059,82.773225,83.20996,83.668525,83.9418925,83.9631225,84.286245,84.4398575,84.9141025,85.0770175,85.026995,84.9713575,84.9078825,77.9,78.6,78.9,79,79.3,79.8,80.1,80.3,80.8,81,81.2,81.2,81.5,81.7,81.9,76.70%,71.70%,73.40%,70.60%,70.80%,71.80%,70.00%,69.70%,51.30%,48.70%
NUTS3,UKJ14,Oxfordshire,0,0,0,0,118.3,119.3,121.8,122.3,121.8,124.7,125,120.3,118.4,115.8,114.7,117,118.3,119.9,121.1,122,123.1,122.9,126.5,127,125.5,3.02,3.46,3.42,3.6,4.14,4.82,4.72,4.48,4.62,3.82,3.18,3.24,2.76,2.78,2.6,11.3236,11.1396,81.938416,82.001064,82.290248,82.592712,83.02846,83.357318,83.749372,83.705016,83.830604,83.762966,83.843052,84.008792,84.280396,84.54556,84.560028,77.8,78,78.5,78.6,79,79.2,79.7,79.9,80.2,80.4,80.5,80.9,81.1,81.4,81.5,65.70%,67.50%,64.70%,61.70%,61.60%,60.90%,57.60%,57.60%,56.80%,43.20%
NUTS3,UKJ21,Brighton and Hove,0,0,0,0,96.9,94.4,92.3,93.5,98.4,102.7,101.1,97.6,97.6,96.4,97,98.4,97,95.3,93.7,96.6,98,98.6,99.8,99.5,99.6,6.4,6.7,6.7,6.1,7.1,8,7.5,7.6,8.4,6.6,5.8,6,5,5.3,4.6,20.761,23.441,80.80318,81.06612,81.14184,81.57896,81.45724,82.05268,82.09274,82.6098,82.47634,82.90076,82.9899,83.40789,83.49903,83.34683,83.03069,75.1,75.6,76,76.2,76.4,76.5,77.1,77.7,78.4,78.6,78.7,78.9,79.3,79.5,79.1,64.90%,63.60%,63.30%,59.00%,52.70%,61.30%,54.50%,52.00%,68.60%,31.40%
NUTS3,UKJ22,East Sussex CC,0,0,0,0,82.3,78.3,76.6,77,77.4,77.4,75.1,74.4,72.8,73.8,70.7,74.3,72.2,72.1,71.2,71.6,70.6,69.9,73,71.4,71.1,4.34,4.9,4.92,5.02,5.7,6.58,6.84,6.72,7.18,6.06,5.66,5.06,4.16,4.2,3.72,20.8456,19.8588,81.661302,81.73482,81.958402,82.211608,82.513542,82.66993,83.02395,83.119356,83.354392,83.433262,83.6703,83.89524,83.856108,83.85763,83.682542,77.3,77.4,77.7,77.9,78.5,78.8,79.2,79.2,79.4,79.7,79.7,80,79.8,80,79.9,62.10%,62.40%,63.30%,59.30%,55.90%,60.90%,59.30%,59.30%,45.50%,54.50%
NUTS3,UKJ25,West Surrey,0,0,0,0,134.9,137.1,146.1,145.5,143.2,140.8,139.3,130.6,128,130,129.2,132.5,130.9,132.2,129.6,134.5,135.9,134.2,136.3,132.5,131.6,2.985714286,3.228571429,3.228571429,3.128571429,3.785714286,4.871428571,4.7,4.628571429,4.728571429,4.028571429,3.4,3.142857143,2.771428571,2.6,2.3,10.094,9.389285714,82.37606143,82.57015143,82.60611429,82.87777143,83.13297,83.50448571,83.92336143,84.10816857,84.36162571,84.31480286,84.30806714,84.43997857,84.46575714,84.59922143,84.66649857,77.7,78.3,78.8,79.3,79.3,79.7,79.8,80.1,80.3,80.5,80.9,81,81,81,81.1,72.50%,73.90%,70.30%,67.00%,65.30%,69.10%,64.60%,64.70%,53.10%,46.90%
NUTS3,UKJ26,East Surrey,0,0,0,0,123.9,126.7,133,133.9,131.8,132.1,130.4,125.8,125.2,128.3,128.3,128.2,124.7,122.9,120.3,123.9,124,119.6,118.7,115,113,2.65,2.975,2.975,3.1,3.825,5.025,4.35,4.375,4.775,3.65,3.275,2.875,2.925,2.95,2.5,10.379,9.58575,82.5481625,82.8332475,82.9429075,83.1923025,83.4620075,83.5463025,83.776765,83.9634875,84.3539125,84.5909175,84.6847925,84.64197,84.5168175,84.6186,84.94688,78.1,78.4,78.7,79.2,79.4,80,80.3,80.7,80.9,81.3,81.6,81.8,81.5,81.4,81.2,70.80%,71.10%,68.50%,63.90%,66.20%,68.10%,66.00%,64.00%,50.30%,49.70%
NUTS3,UKJ27,West Sussex (South West),0,0,0,0,99.2,99.1,97.6,97,98.9,97.7,94.9,93.3,91.5,93.4,89.4,89.7,90.1,93.2,90.4,90.7,89.3,85.5,85,83.2,83.2,3.475,4.35,3.85,4.175,5.05,6.075,6.125,5.5,5.825,4.675,4.025,4.075,3.375,3.325,3.125,16.83225,16.59725,81.9044725,81.98833,81.867425,81.9181575,81.8087775,82.1762325,82.7806175,83.1525875,83.497775,83.5076675,83.8073025,83.8418575,83.77737,83.812815,83.75788,77.9,78,78.3,78.7,78.8,79,79.3,79.6,79.9,80,80.2,80.1,80,80.1,80.1,62.30%,63.60%,62.80%,59.90%,56.80%,58.40%,53.90%,54.70%,44.00%,56.00%
NUTS3,UKJ28,West Sussex (North East),0,0,0,0,121,119.5,120.3,119.3,120.6,119.6,115.9,112.5,109.7,112.1,108.5,112.4,113.9,114.3,108.6,111.6,114,115.1,117,115.1,114.3,3.166666667,3.6,3.466666667,3.466666667,4.5,5.966666667,5.033333333,4.933333333,5.333333333,4.166666667,3.933333333,3.333333333,2.9,2.833333333,2.666666667,12.19233333,11.73766667,81.75162333,82.11936,82.36436,82.61218333,82.96987667,83.27472667,83.49382,83.40931667,83.76889667,83.86405333,84.11311333,84.33985333,84.46171,84.55112,84.46216,77.6,78,78.4,79,79.4,79.4,79.5,79.9,80.5,80.6,80.7,80.6,80.8,81,80.9,69.30%,68.70%,67.60%,65.50%,63.60%,63.90%,62.70%,64.70%,49.70%,50.30%
NUTS3,UKJ31,Portsmouth,0,0,0,0,118.2,118.7,115.2,115,121.1,121.8,114.2,113.3,108.1,105.9,108.3,108.6,109.5,113.9,104.5,106.3,106.4,103.9,101.6,99.2,99.1,5.2,5.7,5.8,6,7,7.8,8.1,7.6,8.1,7.3,6.5,6.2,4.8,4.7,3.5,26.899,27.054,79.81909,80.38591,80.81039,81.37728,81.61077,81.64022,82.01235,82.51471,82.61497,82.50811,82.14572,82.17485,82.23033,82.28915,82.2316,75.2,75.4,76.1,76.2,76.5,76.5,77.1,77.4,77.6,78.1,78.1,78.1,77.7,77.8,78.1,59.10%,59.80%,60.00%,53.10%,53.60%,49.30%,51.60%,45.20%,41.90%,58.10%
NUTS3,UKJ32,Southampton,0,0,0,0,124.5,121.5,112.6,106.1,107.9,111.3,111.4,111.7,110.9,106.2,109.2,103,101,96.7,95.2,93.1,96.2,96.1,96.1,92.4,95.6,5.3,6.6,6.2,6.2,6.8,8.4,6.8,8.1,7.9,7.5,5.7,6.3,4.6,5.7,4.1,26.876,26.878,80.57765,80.74967,80.96541,81.42594,81.59078,81.65867,81.85158,82.07902,82.69435,82.60204,82.6003,82.91153,82.86216,82.77787,82.43859,75.8,76.1,76.2,76.5,76.7,77.2,78,78.1,78.5,78.4,78.1,78,78.2,78.5,78.3,60.20%,62.00%,61.20%,57.60%,57.30%,60.40%,57.00%,57.30%,46.20%,53.80%
NUTS3,UKJ34,Isle of Wight,0,0,0,0,75.3,72.1,72.5,77.7,77.9,75.2,72.6,70,71.1,72.5,69.7,74.3,72,72.3,72.9,72.2,71.6,73.5,75.4,73.8,73.3,3.9,4.5,5.2,6,6.2,8.7,9.1,8.3,9.2,7.6,6.4,5.4,4.6,4.4,4,23.294,23.087,81.63885,81.76827,82.49177,82.89686,82.82419,82.49759,82.72073,83.08878,83.54234,83.46032,83.34895,83.51107,83.82603,83.9577,83.63018,77,77.3,77.9,78.2,78.6,78.6,78.7,78.7,79.4,79.9,80.3,79.8,79.6,79.5,79.8,54.50%,54.80%,51.80%,51.10%,47.70%,50.60%,44.80%,49.50%,38.10%,61.90%
NUTS3,UKJ35,South Hampshire,0,0,0,0,97.9,96.8,95.5,94.5,95.8,96.9,93,94.2,93.6,92.6,93.3,93.2,92.9,94.1,94.6,95.3,92.5,88.7,90.9,86.3,87.8,3.275,3.9,4.125,4.325,4.975,5.75,5.7,6.05,6.05,4.75,4.25,4,3.475,3.675,3.15,15.3895,15.062,81.5407675,81.67728,81.9903175,82.3089925,82.5647025,82.6847225,82.7315225,82.916805,83.08059,83.4448925,83.4258125,83.58159,83.6218,83.76219,83.820395,78.4,78.7,78.8,79.4,79.7,80.3,80.3,80.4,80.7,81,80.8,80.8,81,81.3,81.5,63.30%,65.30%,62.40%,59.70%,58.70%,59.70%,56.40%,59.70%,42.20%,57.80%
NUTS3,UKJ36,Central Hampshire,0,0,0,0,110,110,108.9,108.9,110.5,110.6,105.3,106.5,105.7,105.6,106.5,109.9,110.5,113.8,114.4,114.6,111.2,107.1,109.7,106.4,105.7,2.675,3.075,3.325,3.15,4.025,4.875,4.425,4.575,4.65,3.625,3.075,3.05,2.7,2.7,2.6,11.21125,10.114,82.2888175,82.42465,82.62802,82.9362425,83.1686625,83.3452925,83.593735,84.176285,84.5971275,84.8303825,84.6452025,84.6346,84.6662725,84.8302125,84.913245,77.6,78,78.6,79.2,79.5,79.5,79.7,80,80.6,80.7,80.8,80.9,81,81.4,81.4,67.90%,69.40%,67.80%,62.20%,61.40%,60.20%,58.90%,60.20%,49.00%,51.00%
NUTS3,UKJ37,North Hampshire,0,0,0,0,113.6,113.6,114,115.4,115.9,118.9,113.3,116.6,115.9,115.2,119,120.4,118.2,119,118.1,115.8,118.8,118.6,116.6,113.2,109.1,2.933333333,3.533333333,3.2,3.5,4.4,5.233333333,5.2,5.066666667,5.666666667,4.066666667,3.433333333,3.133333333,2.633333333,2.533333333,2.466666667,11.42333333,10.54666667,81.68336,81.77113333,82.24267333,82.76402667,82.98356,83.02618,83.37373,83.52369667,83.80885333,83.70406667,83.96002667,84.33218667,84.42071333,84.37086333,83.92095,77.6,78.1,78.6,79,79,79.3,79.7,80.1,80.3,80.4,80.5,80.7,81,81,80.9,62.70%,64.10%,63.90%,59.50%,59.00%,59.40%,58.50%,60.60%,47.80%,52.20%
NUTS3,UKJ41,Medway,0,0,0,0,72.6,71.8,73,72.9,72.2,74.1,74.2,71.8,72.8,73,69.2,70,69.5,69.7,67.5,70,70.2,67.5,72,70.7,70.3,5.4,5.4,5.5,6.2,7.6,9.2,7.8,8.9,10.2,8.3,7.7,6.2,5.2,4.1,4.1,23.936,22.332,79.99119,80.16323,80.39709,80.78057,80.97666,81.1698,81.50539,81.63988,81.94118,82.09231,82.4159,82.13699,81.976,82.1568,82.45313,75.4,75.8,76.3,76.3,76.5,76.7,77.3,77.7,78.2,78.5,78.7,78.6,78.4,78.4,78.8,61.50%,58.00%,61.80%,57.30%,60.20%,60.50%,60.50%,54.70%,35.90%,64.10%
NUTS3,UKJ43,Kent Thames Gateway,0,0,0,0,88.3,86.6,86.1,82,81.4,82.1,84.1,82.2,83.7,81.4,80.4,82.8,78.6,79.4,79.4,81,80.8,79.8,82.7,80.7,79.6,4.3,5.3,5.4,5.666666667,6,7.8,7.833333333,8.5,8.333333333,6.3,6.3,5.366666667,4.833333333,4.8,3.733333333,22.434,21.751,80.31490333,80.63697667,80.88235333,81.28756667,81.45945667,81.46922667,81.46584,81.71470333,82.07737,82.52520333,82.69504,82.827,82.8036,82.85047333,82.83757,76,76.4,76.3,77.1,77.2,77.8,77.6,78,78.1,78.8,79,79.3,79.2,79.3,79.1,62.80%,59.80%,64.10%,59.80%,58.20%,61.50%,60.00%,57.80%,36.20%,63.80%
NUTS3,UKJ44,East Kent,0,0,0,0,83.2,82,80.8,78.4,79,80,79.9,78.2,79.5,79.3,78.9,82.4,79.2,78.5,78,75.7,74.3,71.4,70.5,69.2,70.1,4.975,6.15,5.7,5.6,6.225,7.45,8.9,8.25,9.425,7.625,6.775,5.8,4.525,4.725,4.05,23.6055,23.22625,80.7021525,81.08301,81.108105,81.30044,81.4806825,81.9787075,82.373735,82.5053225,82.725345,82.838335,83.0825175,83.0234,82.963995,82.750545,82.6452925,76.7,76.9,77.5,78,78.2,78.5,78.6,78.8,79.1,79.5,79.5,79.6,79.4,79.7,79.6,56.10%,50.80%,56.40%,50.40%,54.00%,56.70%,54.40%,51.80%,40.60%,59.40%
NUTS3,UKJ45,Mid Kent,0,0,0,0,98.9,98.2,97.7,94.9,94.9,96.5,98.3,96.5,98.6,96.4,96,98.1,96.3,96.1,94.4,94.1,91.5,87.8,89.2,90.5,89,3.4,4.3,4.25,3.95,4.8,5.7,5.3,6.1,6.9,5.3,4.75,4.4,4.1,3.6,3.35,17.5245,16.4465,81.541955,81.65276,81.909205,82.13751,82.176505,82.46764,82.890475,83.073215,83.51285,83.800215,83.964745,83.627055,83.706685,83.700705,84.03448,77.9,77.8,78.2,78.8,79.5,79.7,79.6,80,80.2,80.7,80.8,80.8,80.9,80.8,80.7,62.30%,62.10%,62.40%,59.50%,61.80%,64.00%,62.00%,60.90%,41.00%,59.00%
NUTS3,UKJ46,West Kent,0,0,0,0,99.1,98.4,97.8,95.2,96.1,97.9,98.6,97.3,101,99.2,97.7,101.5,99.8,100.8,100.4,100.1,100.1,102.1,106.5,103.8,105.5,3.133333333,3.566666667,3.333333333,3.733333333,3.966666667,5.033333333,4.966666667,4.933333333,4.833333333,4,3.866666667,3.533333333,3.233333333,3.266666667,2.833333333,12.36,11.32233333,82.30403667,82.27172667,82.49121,82.97475333,83.21969333,83.38503333,83.41881,83.53436667,84.06498333,84.43612333,84.75728,84.83884,84.61954667,84.67666667,84.65141,76.2,76.1,76.4,77.1,77.4,77.7,78.1,78.5,78.7,78.7,78.8,79.2,79.1,79.2,79,67.10%,68.40%,66.20%,64.70%,64.70%,65.90%,64.70%,64.00%,48.00%,52.00%
NUTS3,UKK11,"Bristol, City of",0,0,1,0,131.9,129.1,127.5,123.3,127.3,128.2,122,120.5,118,118.4,120.5,119.6,123.2,126,120,119.1,119.6,121.4,118.3,117.4,117,0,0,0,0,0,0,0,0,0,0,0,0,0,0,0,0,0,80.46266,80.62341,80.81895,81.13673,81.39233,81.59328,81.83071,82.14013,82.45014,82.809,82.69906,82.81101,82.72347,82.81352,82.75487,75.3,75.8,76.3,76.9,76.9,76.8,77,77.3,77.9,78.2,78.2,78.3,78.4,78.8,78.7,60.30%,58.10%,58.40%,55.00%,57.20%,51.40%,50.50%,49.60%,61.70%,38.30%
NUTS3,UKK12,"Bath and North East Somerset, North Somerset and South Gloucestershire",0,0,1,0,96.6,98,96.3,96.6,101.7,102.1,105,103.8,104.5,102.9,102.6,105,104.8,108.1,107.4,105.4,105.4,107.3,104.4,104.4,103.2,3.375,3.4,3.6,3.4,5.15,6.1,5.875,6.55,6.3,5.925,4.425,4.075,3.8,3.325,3.225,16.39825,16.599,82.16503,82.34898667,82.60216667,83.02014667,83.05483667,83.24251667,83.50500333,83.73395,83.97398667,84.03100333,84.0385,84.33832667,84.15991667,84.35586333,84.22989333,77.9,78.3,78.7,79.1,79.2,79.4,79.6,79.7,79.9,80.3,80.6,80.9,80.8,80.6,80.6,65.30%,64.00%,63.70%,60.10%,59.20%,60.00%,58.10%,59.20%,50.30%,49.70%
NUTS3,UKK13,Gloucestershire,0,0,1,0,99.4,97.9,98.2,99.7,99.1,100.4,103.1,104,99.1,96.3,97.8,95.8,97.6,99.6,98.9,99.3,99,100.7,99.6,97.5,98.3,3.333333333,3.583333333,3.566666667,3.616666667,5.6,6.35,5.383333333,5.95,5.616666667,5.166666667,4.266666667,3.583333333,3.416666667,2.783333333,2.866666667,14.68,14.70166667,81.68558333,81.89190167,82.154535,82.44938833,82.57717167,82.56721667,82.88253,83.21628667,83.744745,83.94354833,83.77103,83.721385,83.64549833,83.71411333,83.74967667,77.4,77.5,77.9,78.4,78.7,78.9,79,79.4,79.6,79.9,80,80.1,80.2,80.2,80.3,69.00%,67.60%,66.10%,62.30%,61.90%,62.20%,62.40%,63.10%,49.00%,51.00%
NUTS3,UKK14,Swindon,0,0,0,0,156.7,156.4,153.8,148.5,151.6,145.1,137.5,135.8,136.7,135.9,136.3,134.1,134.5,127,126.5,123.2,123.3,117.9,116.9,121.6,119.3,3.9,4.5,3.8,3.9,6.8,7.7,6.8,7.3,7.3,5.6,5.1,4,3.9,4.2,3.7,18.622,17.857,80.04525,80.35879,80.76219,81.15998,81.38994,81.86255,82.25674,82.54499,82.47926,82.54195,82.63328,82.85442,82.81883,83.00915,83.00975,76.4,77.1,77.4,77.4,77.6,77.7,78.2,78.5,79,79.1,79.2,79.4,79.6,79.9,79.8,61.10%,59.90%,60.60%,55.30%,56.30%,57.50%,52.90%,52.60%,45.30%,54.70%
NUTS3,UKK15,Wiltshire,0,0,1,0,95.2,91.6,90.8,89.9,91.2,91.4,87,86.9,84.9,84.7,85.7,87.4,86.8,87.7,84.3,83,81.4,83.9,83.4,82.7,83.7,2.6,2.7,3,3.2,4.7,5.4,4.9,5.5,4.9,4.7,3.6,3.3,3.1,2.8,2.8,13.447,13.466,81.81671,82.12449,82.41024,82.75835,82.96651,83.11287,83.22723,83.44064,83.63741,83.7981,83.77844,84.04556,84.05236,84.0763,84.03978,76.9,76.8,77.6,77.5,78,78.1,78.3,78.3,78.5,79.1,79.6,80,79.9,80.1,79.9,68.10%,64.60%,66.10%,62.00%,58.00%,61.20%,59.70%,61.20%,47.50%,52.50%
NUTS3,UKK21,Bournemouth and Poole,0,0,1,0,98,96.8,96.9,98.4,97.4,94.8,97,93.9,97.5,97.3,95.8,95.5,100.3,93.6,92.8,92.7,93.7,92.4,92.3,93.4,93.8,0,0,0,0,0,0,0,0,0,0,0,0,0,0,0,18.173,18.113,81.81959,82.115525,82.248085,82.447275,82.71353,82.657145,83.01574,83.05486,83.55446,83.50207,83.47856,83.6133,83.331875,83.3033,82.92925,77.1,77.3,77.7,78.1,78.5,78.6,78.9,78.9,79.3,79.3,79.5,79.7,79.9,79.9,80,69.30%,68.10%,65.60%,62.00%,60.20%,62.20%,58.60%,53.80%,43.50%,56.50%
NUTS3,UKK22,Dorset CC,0,0,1,0,84,82.5,86.6,85.8,83,80.3,78.8,78,78.5,76.7,76.3,79.9,79.4,78.1,78.2,77.6,75.8,77.5,75.1,74.4,74.4,0,0,0,0,0,0,0,0,0,0,0,0,0,0,0,15.735,14.57,82.62988333,82.72128667,83.07997167,83.50714333,83.58125167,83.75296333,83.90567,84.35294833,84.742415,85.04056167,84.84541333,84.84728167,84.57517167,84.62546833,84.56766833,78,78.4,78.6,79,79.3,79.7,79.9,80,80.3,80.4,80.7,80.9,81,80.9,80.8,65.90%,63.10%,63.60%,59.80%,60.30%,59.70%,54.20%,60.10%,43.40%,56.60%
NUTS3,UKK23,Somerset,0,0,1,0,86,81.8,83.7,82.9,81,79.9,79.2,79.9,81.9,83,79.8,80.2,79.7,80.5,80.1,79.2,78.9,79.8,79.8,79.5,78.3,3.166666667,3.366666667,3.433333333,3.533333333,5.133333333,6.1,5.633333333,5.966666667,5.033333333,5.3,4.466666667,4.2,4.033333333,4.033333333,3.433333333,18.59875,17.86825,82.087738,82.126424,82.268156,82.74606,82.915432,83.113226,83.122982,83.321932,83.58991,83.890396,84.066792,84.324566,84.184914,84.055718,84.017474,77.3,77.5,77.8,77.9,78.3,78.3,78.7,78.7,79.4,79.7,80.1,80.1,80,80,80.1,62.70%,63.50%,62.60%,60.70%,56.10%,58.50%,56.80%,57.30%,44.30%,55.70%
NUTS3,UKK30,Cornwall and Isles of Scilly,0,0,1,0,69.8,68.7,66.2,66.3,67,68.7,71.6,69.7,71,71.3,69.4,70.8,70.7,70.1,68.5,70,69.9,68.2,67.8,68.9,67.9,4.1,4.2,4,4.2,5.3,6.1,6.4,6.3,6.1,5.4,4.2,4.4,3.5,3.1,2.9,23.072,23.833,81.40248,81.48427,81.8154,82.25242,82.43714,82.52697,82.46885,82.73181,83.13055,83.39226,83.44267,83.44935,83.41375,83.39793,83.30846,77.6,77.9,78.2,78.5,78.7,78.8,78.9,79.2,79.6,79.8,79.9,80.1,80.2,80.3,80.3,61.40%,60.90%,64.20%,60.10%,58.60%,61.00%,55.90%,55.60%,43.50%,56.50%
NUTS3,UKK41,Plymouth,0,0,1,0,85.2,84.5,84.3,85.1,84.4,82.6,81.2,82.8,81.6,82.2,81.3,79.1,78.3,80,79,80.8,81.7,79.1,77.1,76.8,76,4.9,6,5.9,5.7,6.8,7.8,7.4,8.6,8.7,7.9,6.3,6,5.1,4.4,4.3,26.619,26.643,80.42066,80.63452,80.87934,81.54533,81.69392,81.78464,81.72358,81.71961,82.02766,82.08043,82.37036,82.47241,82.79131,82.65319,82.19408,75.7,75.9,76,76.5,76.7,77.2,77.3,77.7,77.9,78.2,78.1,78.4,78.6,78.9,79,60.50%,60.90%,60.10%,56.30%,57.80%,64.10%,60.30%,59.40%,40.10%,59.90%
NUTS3,UKK42,Torbay,0,0,1,0,81.9,77.5,74.3,70.8,68.2,65,66.9,69.6,67.7,68.7,66,66.6,64.2,65.7,64.6,63.8,62.9,61.8,60.5,59.3,59.6,0,0,0,0,0,0,0,0,0,0,0,0,0,0,0,0,0,81.03443,81.6681,81.74914,82.72164,82.19372,82.24225,81.75438,82.18753,82.10825,82.38569,82.77749,83.05666,83.28653,82.66519,82.75085,76.4,76.4,76.4,76.8,77.1,77.8,77.6,77.8,78.2,79,79.1,79.1,78.9,78.8,78.7,65.70%,69.40%,64.10%,63.00%,60.10%,62.10%,61.80%,57.00%,36.80%,63.20%
NUTS3,UKK43,Devon CC,0,0,1,0,82.1,79.3,81.4,79.1,79.9,82.1,82.1,84.3,83.3,84.5,82,82.8,84.4,84.9,80.8,79.3,81.6,80.1,81,82.2,80.1,3.225,3.3125,3.375,3.675,4.675,5.0625,5.6875,5.35,4.4125,4.7125,3.3625,3.475,3.15,2.5375,2.3625,17.1755,17.5455,82.2300025,82.503815,82.63182875,82.9104275,83.332705,83.38856,83.45905625,83.5031675,83.7798875,83.90910875,84.14418625,84.3191075,84.43124,84.090825,84.01799125,77.7,77.9,78.4,78.8,78.9,79.1,79.4,79.9,80.2,80.3,80.4,80.4,80.2,80.2,80.3,62.90%,63.60%,63.60%,59.10%,58.00%,59.60%,58.30%,59.20%,47.20%,52.80%
