NUTS code,x1997,GVA_%_1997,x1998,GVA_%_1998,x1999,GVA_%_1999,x2000,GVA_%_2000,x2001,GVA_%_2001,x2002,GVA_%_2002,x2003,GVA_%_2003,x2004,GVA_%_2004,x2005,GVA_%_2005,x2006,GVA_%_2006,x2007,GVA_%_2007,x2008,GVA_%_2008,x2009,GVA_%_2009,x2010,GVA_%_2010,x2011,GVA_%_2011,x2012,GVA_%_2012,x2013,GVA_%_2013,x2014,GVA_%_2014,x2015,GVA_%_2015,x2016,GVA_%_2016,x2017,GVA_%_2017,Percentage_change
UKI52,11962,81.35,12439,81.44,12916,81.96,13235,79.79,13567,78.99,14040,78.29,14814,78.36,15427,78.33,16102,77.75,16758,77.16,17732,78.32,17886,77.35,16638,73.99,17089,75.02,17329,74.69,18286,76.9,18655,76.02,19026,74.67,19193,73.86,19028,71.14,19440,70.87,-10.48
UKI71,14473,98.43,15143,99.15,15740,99.89,16570,99.89,16615,96.74,17328,96.62,18352,97.07,18962,96.27,19698,95.12,20410,93.98,21636,95.57,22466,97.15,21251,94.51,21592,94.79,21920,94.47,22447,94.39,23269,94.82,25339,99.45,25455,97.95,25403,94.97,25950,94.6,-3.82
UKE31,9039,61.47,9615,62.95,9541,60.55,10069,60.7,10428,60.72,11236,62.65,12094,63.97,12979,65.9,13411,64.76,14043,64.66,14952,66.04,14370,62.14,13938,61.99,14397,63.2,14444,62.25,14608,61.43,15162,61.78,15774,61.91,16661,64.11,17195,64.28,17404,63.45,1.98
UKK12,13950,94.87,14745,96.54,14934,94.77,15659,94.4,17112,99.63,17964,100.17,19491,103.1,20094,102.02,21219,102.46,21857,100.64,22755,100.51,23743,102.68,23165,103.02,24150,106.02,24437,105.32,24655,103.68,25471,103.79,26994,105.94,26880,103.44,27690,103.52,28051,102.26,7.39
UKH24,14086,95.8,14508,94.99,14258,90.48,14956,90.16,15277,88.95,15962,89,17249,91.24,18041,91.6,18978,91.64,19534,89.94,20544,90.74,20822,90.04,20768,92.36,20698,90.86,21364,92.08,20942,88.07,21342,86.96,22266,87.39,23691,91.16,23846,89.15,24622,89.76,-6.03
UKJ11,23210,157.85,24810,162.44,26873,170.54,27558,166.13,27893,162.4,30186,168.32,31823,168.33,32002,162.48,34241,165.34,35336,162.7,35902,158.58,36050,155.9,34786,154.7,35141,154.27,36369,156.75,37229,156.56,38057,155.08,38665,151.75,39697,152.76,40300,150.66,40343,147.08,-10.77
UKI51,11348,77.18,11882,77.8,12514,79.41,13044,78.64,13318,77.54,13711,76.45,14400,76.17,14892,75.61,15619,75.42,16382,75.43,17352,76.64,17289,74.77,16567,73.68,16594,72.85,16873,72.72,17404,73.19,18088,73.71,18662,73.24,18399,70.8,18136,67.8,18751,68.36,-8.82
UKG31,13627,92.68,14613,95.68,15185,96.36,15551,93.75,16565,96.45,16773,93.53,17636,93.29,18065,91.72,18727,90.43,19009,87.53,20094,88.75,20164,87.2,19655,87.41,19765,86.77,20152,86.85,20315,85.43,21142,86.15,21909,85.99,22642,87.13,24218,90.54,24761,90.27,-2.41
UKD41,11694,79.53,11998,78.56,12444,78.97,12729,76.74,12526,72.93,13056,72.8,13682,72.37,14758,74.93,15189,73.34,15352,70.69,16549,73.1,17004,73.53,15885,70.64,15486,67.98,16318,70.33,16998,71.48,17895,72.92,18986,74.51,18985,73.06,20008,74.8,20566,74.98,-4.55
UKD42,10314,70.14,10861,71.11,11650,73.93,11713,70.61,11792,68.66,12952,72.22,12782,67.61,13272,67.38,13892,67.08,14596,67.21,14426,63.72,13992,60.51,14337,63.76,14767,64.83,14973,64.53,15109,63.54,15311,62.39,15625,61.32,16311,62.77,16813,62.85,17382,63.37,-6.78
UKK21,14151,96.24,14562,95.34,15027,95.36,15964,96.24,16390,95.43,16692,93.07,18013,95.28,18178,92.29,19800,95.61,20671,95.18,21255,93.88,21585,93.34,22162,98.56,20907,91.78,21109,90.98,21700,91.25,22637,92.24,23263,91.3,23745,91.37,24785,92.66,25504,92.98,-3.26
UKE41,11614,78.99,12161,79.62,12915,81.96,13214,79.66,13253,77.16,13888,77.44,14373,76.03,14532,73.78,14726,71.11,15830,72.89,16701,73.77,16606,71.81,16864,75,15935,69.95,16221,69.91,16626,69.92,17238,70.24,17578,68.99,18572,71.47,18942,70.81,19045,69.43,-9.55
UKH17,12027,81.79,12163,79.64,12494,79.29,12901,77.77,13255,77.18,13603,75.85,14243,75.34,14770,74.99,15281,73.79,15954,73.46,16039,70.84,16697,72.21,16396,72.92,17324,76.05,17848,76.92,18954,79.71,19067,77.69,20022,78.58,20369,78.38,20520,76.71,20422,74.45,-7.34
UKI72,15285,103.95,15882,103.99,16691,105.92,17304,104.32,17186,100.06,17779,99.14,18659,98.7,19089,96.92,19998,96.57,20381,93.84,21066,93.05,21445,92.74,19876,88.39,20285,89.05,20390,87.88,22262,93.62,23111,94.17,24540,96.31,24847,95.61,25819,96.52,26371,96.14,-7.81
UKJ21,13992,95.16,14196,92.95,14310,90.81,15160,91.39,16559,96.41,18068,100.75,18783,99.35,18885,95.88,19813,95.67,20485,94.32,21527,95.08,22254,96.24,21442,95.36,21299,93.5,21324,91.91,22614,95.1,23686,96.52,24803,97.34,25680,98.82,26403,98.71,27081,98.73,3.57
UKK11,19044,129.52,19425,127.19,19766,125.43,20004,120.59,21427,124.76,22567,125.83,22652,119.82,23327,118.44,23968,115.74,25158,115.84,26724,118.04,27041,116.94,27241,121.15,28155,123.6,27291,117.62,27863,117.17,28920,117.84,30554,119.91,30447,117.16,31159,116.49,31812,115.98,-13.54
UKI61,14609,99.35,15495,101.45,16193,102.76,16947,102.16,17316,100.82,18041,100.6,19298,102.08,20185,102.48,21106,101.92,22069,101.62,23126,102.15,21721,93.93,20766,92.35,20029,87.93,20015,86.26,20830,87.59,20919,85.24,21973,86.24,21768,83.76,22227,83.09,22449,81.84,-17.51
UKJ13,18033,122.64,19046,124.7,19173,121.67,20394,122.94,20457,119.11,20921,116.66,21867,115.67,23039,116.97,23200,112.03,23668,108.98,24367,107.63,25573,110.59,24992,111.14,25227,110.75,25574,110.22,26800,112.7,27408,111.68,28080,110.2,29330,112.86,29949,111.96,29923,109.09,-13.55
UKE44,11393,77.48,11880,77.78,12248,77.73,12420,74.87,12589,73.3,12847,71.63,13956,73.82,14810,75.19,15374,74.24,15802,72.76,16363,72.27,16421,71.01,16033,71.3,16263,71.39,16666,71.83,17183,72.26,17279,70.41,17677,69.38,18291,70.39,18752,70.1,19147,69.8,-7.68
UKH12,15579,105.95,15999,104.75,16795,106.58,17756,107.04,18789,109.4,19194,107.03,19620,103.78,20280,102.97,21305,102.88,23217,106.9,24222,106.99,24660,106.64,23514,104.57,24156,106.05,24894,107.29,26293,110.57,26794,109.18,27718,108.78,28596,110.04,29337,109.68,29935,109.13,3.18
UKI31,123598,840.57,130321,853.28,128444,815.1,138171,832.96,139014,809.4,146732,818.18,160528,849.13,172912,877.9,194355,938.5,205307,945.33,233412,1030.97,237518,1027.15,250092,1112.21,259548,1139.42,268892,1158.92,273423,1149.8,280168,1141.63,303101,1189.56,298818,1149.87,331729,1240.15,336296,1226.02,385.44
UKH25,12730,86.58,13457,88.11,13236,84,14025,84.55,14348,83.54,15072,84.04,15882,84.01,16369,83.11,16870,81.46,17216,79.27,18151,80.17,18227,78.82,17385,77.31,17312,76,17860,76.98,18247,76.73,19444,79.23,20063,78.74,20109,77.38,20776,77.67,21383,77.95,-8.62
UKJ36,15882,108.01,16546,108.33,16884,107.15,17660,106.46,18590,108.24,19466,108.54,19550,103.41,20617,104.68,21461,103.63,22437,103.31,23624,104.35,24838,107.41,24419,108.6,25424,111.61,26017,112.13,26825,112.8,26889,109.57,26946,105.75,28226,108.62,28222,105.51,28721,104.71,-3.3
UKD62,16510,112.28,17183,112.51,17791,112.9,17632,106.29,20279,118.07,21070,117.49,21796,115.29,22455,114.01,23071,111.41,25053,115.36,26335,116.32,26002,112.45,25842,114.92,25921,113.79,26156,112.73,28364,119.28,30811,125.55,31077,121.97,32321,124.37,33997,127.1,34593,126.11,13.83
UKD63,15357,104.44,16005,104.79,16778,106.47,16653,100.39,18795,109.43,19678,109.72,20389,107.85,21207,107.67,22036,106.41,24068,110.82,25564,112.92,25215,109.04,25738,114.46,24983,109.68,24630,106.15,25624,107.75,25652,104.53,27387,107.48,27111,104.33,28447,106.35,29238,106.59,2.15
UKD47,11755,79.94,11998,78.56,12293,78.01,12625,76.11,13035,75.9,13941,77.74,14862,78.61,15752,79.98,16230,78.37,16639,76.61,17368,76.71,17224,74.49,16711,74.32,16917,74.27,16990,73.23,17380,73.09,17555,71.53,18306,71.84,18257,70.25,18990,70.99,18928,69,-10.94
UKK30,10075,68.52,10333,67.66,10270,65.17,10753,64.82,11269,65.61,12084,67.38,13288,70.29,13492,68.5,14418,69.62,15150,69.76,15404,68.04,16008,69.23,15624,69.48,15669,68.79,15590,67.19,16370,68.84,16900,68.86,17166,67.37,17453,67.16,18277,68.33,18458,67.29,-1.23
UKG33,15125,102.86,15297,100.16,15920,101.03,16363,98.64,16832,98,17717,98.79,18254,96.56,19157,97.26,20518,99.08,20173,92.89,20047,88.55,19720,85.28,19143,85.13,19425,85.28,19522,84.14,20551,86.42,21785,88.77,23059,90.5,23725,91.3,24188,90.43,24500,89.32,-13.54
UKI62,13689,93.1,14447,94.59,15243,96.73,15953,96.17,16186,94.24,17047,95.05,18217,96.36,18915,96.03,19760,95.42,20767,95.62,21986,97.11,21914,94.77,19819,88.14,19139,84.02,18320,78.96,18557,78.04,18449,75.18,19356,75.97,18790,72.31,19210,71.82,20048,73.09,-20.01
UKC13,13194,89.73,13589,88.97,14227,90.28,14600,88.02,15951,92.87,17346,96.72,18991,100.45,19587,99.45,18872,91.13,20223,93.12,21041,92.94,21446,92.74,20609,91.65,22241,97.64,22509,97.01,22399,94.19,21887,89.19,24273,95.26,25330,97.47,24193,90.44,24908,90.81,1.08
UKF11,15015,102.12,15285,100.08,16987,107.8,17409,104.95,17872,104.06,18861,105.17,18499,97.85,19795,100.5,21365,103.17,21813,100.44,22455,99.18,22901,99.04,22130,98.42,23223,101.95,24135,104.02,24993,105.1,26144,106.53,26011,102.08,26478,101.89,26820,100.27,27880,101.64,-0.47
UKK43,11849,80.58,11929,78.11,12613,80.04,12837,77.39,13455,78.34,14443,80.53,15250,80.67,16304,82.78,16919,81.7,17941,82.61,18192,80.35,18708,80.9,18667,83.02,18958,83.23,18387,79.25,18554,78.02,19724,80.37,20148,79.07,20857,80.26,21811,81.54,21781,79.41,-1.18
UKK22,12137,82.54,12416,81.29,13431,85.23,13922,83.93,13963,81.3,14135,78.82,14627,77.37,15086,76.59,15933,76.94,16299,75.05,16928,74.77,18056,78.08,17542,78.01,17456,76.63,17784,76.65,18165,76.39,18319,74.65,19501,76.53,19335,74.4,19746,73.82,20234,73.77,-8.78
UKG36,11302,76.86,11853,77.61,12000,76.15,12435,74.96,12634,73.56,13573,75.68,13363,70.69,13867,70.41,14581,70.41,15075,69.41,15595,68.88,15519,67.11,14433,64.19,14298,62.77,14393,62.03,14648,61.6,14742,60.07,15455,60.66,15979,61.49,16399,61.31,17033,62.1,-14.77
UKC14,9270,63.04,9485,62.1,9590,60.86,10061,60.65,10345,60.23,11054,61.64,11724,62.02,12173,61.8,12450,60.12,13428,61.83,13695,60.49,14203,61.42,14117,62.78,14532,63.8,14305,61.65,14659,61.64,15346,62.53,15588,61.18,16328,62.83,16237,60.7,16718,60.95,-2.1
UKI73,16026,108.99,16875,110.49,17722,112.46,18500,111.53,18444,107.39,18934,105.58,19843,104.96,20202,102.57,20928,101.06,21484,98.92,22391,98.9,22180,95.92,20052,89.18,20456,89.8,21839,94.13,23111,97.19,24159,98.44,25958,101.88,26019,100.12,27058,101.16,28385,103.48,-5.51
UKD12,13186,89.68,13842,90.63,13880,88.08,14411,86.88,14789,86.11,15787,88.03,17530,92.73,17606,89.39,17774,85.83,19522,89.89,20010,88.38,21194,91.65,19623,87.27,20442,89.74,19987,86.14,21002,88.32,22353,91.08,23466,92.1,24567,94.54,23910,89.39,24265,88.46,-1.21
UKF12,9308,63.3,9622,63,10017,63.57,10079,60.76,10486,61.05,11170,62.28,11806,62.45,12064,61.25,12867,62.13,13802,63.55,14356,63.41,14379,62.18,13773,61.25,14433,63.36,15871,68.4,16232,68.26,17254,70.31,17813,69.91,18238,70.18,18473,69.06,18675,68.08,4.78
UKJ44,12021,81.75,12339,80.79,12533,79.53,12722,76.69,13290,77.38,14072,78.47,14846,78.53,15138,76.86,16144,77.96,16843,77.55,17503,77.31,18619,80.52,17505,77.85,17544,77.02,17746,76.48,17726,74.54,17960,73.18,17963,70.5,18144,69.82,18370,68.68,19048,69.44,-12.31
UKD46,11435,77.77,11692,76.55,11909,75.57,12277,74.01,12453,72.51,13147,73.31,13838,73.2,14782,75.05,15453,74.62,15715,72.36,16502,72.89,16124,69.73,15052,66.94,15524,68.15,15695,67.65,16612,69.86,17238,70.24,17823,69.95,17419,67.03,18264,68.28,18667,68.05,-9.71
UKD71,10185,69.27,10859,71.1,11370,72.15,12023,72.48,13006,75.73,13798,76.94,14554,76.98,15045,76.39,15665,75.64,16900,77.82,17319,76.5,18444,79.76,18310,81.43,19282,84.65,19750,85.12,18836,79.21,19657,80.1,21120,82.89,22110,85.08,21707,81.15,22272,81.2,11.93
UKE12,11806,80.29,12018,78.69,11661,74,12186,73.46,12736,74.15,13648,76.1,14190,75.06,15410,78.24,15430,74.51,15775,72.64,16128,71.24,16526,71.47,17335,77.09,16635,73.03,16202,69.83,16977,71.39,17160,69.92,17544,68.85,18201,70.04,18975,70.94,18993,69.24,-11.05
UKJ26,17886,121.64,19058,124.78,20620,130.85,21714,130.9,22183,129.16,23244,129.61,24213,128.08,24348,123.62,25432,122.81,27252,125.48,28467,125.74,28976,125.31,27574,122.63,27449,120.5,27373,117.98,29003,121.96,29968,122.11,30094,118.11,30548,117.55,30502,114.03,30725,112.01,-9.63
UKJ22,11885,80.83,11774,77.09,11883,75.41,12493,75.31,13027,75.85,13613,75.91,13949,73.78,14393,73.08,14787,71.4,15679,72.19,15682,69.27,16788,72.6,15951,70.94,16105,70.7,16195,69.8,16764,70.5,17067,69.54,17597,69.06,18790,72.31,18941,70.81,19321,70.44,-10.39
UKI54,12539,85.28,13201,86.43,13564,86.08,13940,84.04,14156,82.42,14669,81.79,15621,82.63,16348,83,17120,82.67,17835,82.12,18822,83.14,18532,80.14,17525,77.94,17654,77.5,17550,75.64,18434,77.52,18726,76.3,18957,74.4,18928,72.84,18798,70.28,19822,72.26,-13.01
UKH34,12109,82.35,12429,81.38,12451,79.01,13137,79.2,13842,80.59,14318,79.84,15613,82.59,15844,80.44,16336,78.88,17247,79.41,17955,79.31,17976,77.74,16994,75.58,17675,77.59,17822,76.81,18017,75.77,18418,75.05,19457,76.36,19583,75.36,19649,73.46,20357,74.21,-8.14
UKH37,11834,80.48,12173,79.7,12168,77.22,12911,77.83,13558,78.94,14020,78.18,15266,80.75,15587,79.14,16126,77.87,17047,78.49,17882,78.98,18084,78.2,17166,76.34,17496,76.81,17717,76.36,18152,76.33,18609,75.83,19124,75.05,19849,76.38,19101,71.41,19629,71.56,-8.92
UKK13,14347,97.57,14735,96.48,15232,96.66,16175,97.51,16670,97.06,17663,98.49,19152,101.31,20120,102.15,20126,97.18,20465,94.23,21705,95.87,21650,93.63,21576,95.95,22245,97.66,22491,96.94,23246,97.75,23928,97.5,25340,99.45,25626,98.61,25864,96.69,26712,97.38,-0.19
UKD37,10023,68.17,10510,68.81,10960,69.55,10993,66.27,11393,66.33,11869,66.18,12640,66.86,12868,65.33,13655,65.94,14449,66.53,14776,65.27,14704,63.59,14295,63.57,14373,63.1,14528,62.62,15162,63.76,15469,63.03,15706,61.64,16591,63.84,17071,63.82,17190,62.67,-5.5
UKD36,9909,67.39,10399,68.09,10850,68.85,10924,65.85,11313,65.87,11743,65.48,12414,65.67,12698,64.47,13508,65.23,14261,65.66,14648,64.7,14782,63.92,14214,63.21,14322,62.87,14224,61.31,14791,62.2,15125,61.63,15313,60.1,15908,61.22,16635,62.19,16960,61.83,-5.56
UKD35,12292,83.6,13051,85.45,13899,88.2,14606,88.05,15369,89.48,16155,90.08,16658,88.11,17589,89.3,18085,87.33,18983,87.41,19626,86.69,19885,85.99,19800,88.05,19704,86.5,19606,84.5,20173,84.83,19947,81.28,19393,76.11,19538,75.18,20104,75.16,20399,74.37,-9.23
UKD34,14681,99.84,15722,102.94,16737,106.21,17339,104.53,18748,109.16,19679,109.73,20495,108.41,21969,111.54,22528,108.78,24012,110.56,24640,108.83,24677,106.72,24828,110.42,24847,109.08,24745,106.65,25510,107.28,26679,108.71,26880,105.49,27842,107.14,28937,108.18,29443,107.34,7.5
UKI41,14049,95.55,14653,95.94,15038,95.43,16131,97.24,16561,96.43,16824,93.81,17632,93.27,18641,94.64,19883,96.01,20371,93.8,21655,95.65,21211,91.73,20845,92.7,20951,91.98,21693,93.5,22977,96.62,22799,92.9,22981,90.19,22737,87.49,23646,88.4,24659,89.9,-5.65
UKI43,24638,167.56,26285,172.1,27750,176.1,30411,183.33,31533,183.6,32366,180.47,34303,181.45,36463,185.13,38963,188.15,39552,182.12,42883,189.41,44671,193.18,42172,187.55,42546,186.78,43262,186.46,43683,183.7,44060,179.54,45278,177.7,45400,174.7,46408,173.49,47272,172.34,4.78
UKI74,20499,139.41,21939,143.65,23188,147.15,24350,146.79,24418,142.17,25197,140.5,26646,140.95,27121,137.7,27883,134.64,28358,130.57,29631,130.88,29642,128.19,27026,120.19,27441,120.47,27275,117.55,28589,120.22,30309,123.5,33805,132.67,32983,126.92,32857,122.83,34208,124.71,-14.7
UKC11,11979,81.47,12254,80.23,12937,82.1,13053,78.69,13098,76.26,13673,76.24,14650,77.49,15832,80.38,16674,80.52,17150,78.97,17284,76.34,17508,75.71,17649,78.49,17376,76.28,17627,75.97,17729,74.55,18182,74.09,19756,77.54,19533,75.16,19363,72.39,20005,72.93,-8.54
UKH36,13578,92.34,13985,91.57,13986,88.75,14781,89.11,15759,91.76,16381,91.34,17955,94.97,18140,92.1,18864,91.09,20143,92.75,21240,93.82,21379,92.45,21335,94.88,21254,93.31,21496,92.65,21714,91.31,22280,90.79,23212,91.1,24246,93.3,24664,92.21,25854,94.25,1.91
UKG11,12494,84.97,12343,80.82,13242,84.03,13782,83.08,13790,80.29,13970,77.9,15355,81.22,15814,80.29,16619,80.25,17591,81,17861,78.89,18411,79.62,17188,76.44,17288,75.89,18279,78.78,19104,80.34,19256,78.46,19912,78.15,19876,76.48,19529,73.01,20301,74.01,-10.96
UKH23,17422,118.48,18553,121.48,19510,123.81,20705,124.82,21309,124.07,21983,122.58,23170,122.56,23481,119.22,24982,120.63,25233,116.18,25658,113.33,27212,117.68,26118,116.15,25733,112.97,25480,109.82,25914,108.97,27171,110.72,28412,111.51,29221,112.44,30514,114.08,31761,115.79,-2.7
UKI75,19106,129.94,20481,134.1,21741,137.97,23161,139.63,23180,134.96,24136,134.58,25168,133.13,25587,129.91,26308,127.04,27349,125.93,29034,128.24,30097,130.15,28002,124.53,28458,124.93,29239,126.02,31327,131.74,33419,136.18,36430,142.97,39206,150.87,41344,154.56,41612,151.7,21.77
UKJ34,10874,73.95,10840,70.97,11239,71.32,12603,75.98,13109,76.33,13236,73.8,13489,71.35,13539,68.74,14437,69.71,15397,70.9,15465,68.31,16792,72.62,15905,70.73,16144,70.87,16585,71.48,16886,71.01,17312,70.54,18494,72.58,19397,74.64,19582,73.21,19911,72.59,-1.36
UKI33,32879,223.61,34943,228.79,35707,226.6,38097,229.67,38646,225.01,39701,221.37,41579,219.94,43439,220.55,45722,220.78,47309,217.83,51768,228.66,54801,236.99,52932,235.4,55985,245.77,58542,252.31,61805,259.9,63536,258.9,64557,253.36,65664,252.68,69379,259.37,74035,269.91,46.3
UKJ43,12748,86.7,13035,85.35,13355,84.75,13298,80.17,13700,79.77,14454,80.6,15614,82.59,15900,80.73,17008,82.13,17295,79.63,17831,78.76,18723,80.97,17381,77.3,17737,77.87,18069,77.88,18953,79.7,19519,79.54,20088,78.84,21275,81.87,21422,80.09,21641,78.9,-7.8
UKE11,11333,77.07,11572,75.77,11736,74.48,13036,78.59,13235,77.06,14258,79.5,15689,82.99,16219,82.35,16601,80.16,17615,81.11,18616,82.23,18328,79.26,19344,86.03,18510,81.26,18882,81.38,19284,81.09,19437,79.2,19619,77,20185,77.67,20865,78,21217,77.35,0.28
UKI45,16163,109.92,17145,112.26,17902,113.61,19454,117.28,20043,116.7,20832,116.16,22096,116.88,23193,117.75,24569,118.64,24942,114.84,27245,120.34,29857,129.12,28732,127.78,28945,127.07,29831,128.57,30987,130.31,30946,126.1,33523,131.57,34126,131.32,33456,125.07,34935,127.36,17.44
UKD44,10967,74.59,11374,74.47,11708,74.3,11886,71.65,12292,71.57,12871,71.77,14011,74.11,15110,76.72,15419,74.46,16055,73.92,16856,74.45,17132,74.09,16293,72.46,16244,71.31,16144,69.58,16520,69.47,16939,69.02,17729,69.58,18161,69.88,18338,68.56,18559,67.66,-6.93
UKE42,15114,102.79,15960,104.5,16716,106.08,17396,104.87,18318,106.66,19326,107.76,20672,109.35,21968,111.54,23136,111.72,24255,111.68,25199,111.3,25792,111.54,25325,112.63,24926,109.43,25794,111.17,25563,107.5,26495,107.96,27024,106.06,28310,108.94,29052,108.61,29823,108.72,5.94
UKF21,13962,94.95,14402,94.3,14894,94.52,15533,93.64,15993,93.12,16840,93.9,17818,94.25,18149,92.15,18399,88.85,19234,88.56,18915,83.55,19238,83.19,18746,83.37,18636,81.81,18911,81.51,19845,83.45,20216,82.38,21209,83.24,22009,84.69,22184,82.93,21914,79.89,-15.06
UKF22,14064,95.65,14357,94,13550,85.99,14364,86.59,14789,86.11,15092,84.15,16361,86.54,17088,86.76,17975,86.8,19092,87.91,20141,88.96,20169,87.22,19398,86.27,19835,87.08,19746,85.1,20432,85.92,21139,86.14,22460,88.15,22672,87.24,23411,87.52,23900,87.13,-8.52
UKI44,17903,121.76,18816,123.2,19615,124.48,21346,128.68,22055,128.41,22778,127.01,24069,127.32,25102,127.45,26830,129.56,27446,126.37,29812,131.68,30539,132.07,29065,129.26,31435,138,32076,138.25,33076,139.09,32961,134.31,33559,131.71,34040,130.99,34239,128,35090,127.93,6.17
UKF30,12091,82.23,12488,81.77,12324,78.21,12579,75.83,13424,78.16,13931,77.68,14900,78.82,14376,72.99,14763,71.29,15638,72,16192,71.52,16796,72.63,15912,70.76,16583,72.8,16861,72.67,17344,72.94,18126,73.86,18785,73.72,18610,71.61,18533,69.28,18959,69.12,-13.11
UKD72,11876,80.77,12958,84.84,13895,88.18,14661,88.38,14996,87.31,16127,89.92,17457,92.34,17871,90.73,18494,89.3,20634,95.01,21027,92.88,21928,94.83,24009,106.77,23144,101.6,22093,95.22,21771,91.55,21885,89.18,22846,89.66,23218,89.34,22875,85.52,23368,85.19,4.42
UKH21,14184,96.46,14535,95.17,15552,98.69,15805,95.28,16847,98.09,17726,98.84,18754,99.2,18427,93.56,20256,97.81,22277,102.57,23984,105.94,25804,111.59,23455,104.31,21990,96.54,21139,91.11,20618,86.7,21084,85.91,22198,87.12,23147,89.07,24293,90.82,26083,95.09,-1.37
UKD33,16936,115.18,18245,119.46,19390,123.05,19641,118.4,21626,125.92,22801,127.14,23478,124.19,25215,128.02,25725,124.22,27529,126.76,28340,125.18,27960,120.91,28696,127.62,28634,125.7,27953,120.48,28936,121.68,30629,124.81,31376,123.14,31927,122.86,34358,128.45,35410,129.09,13.91
UKJ41,10490,71.34,10801,70.72,11313,71.79,11821,71.26,12156,70.78,13036,72.69,13778,72.88,13898,70.56,14780,71.37,15505,71.39,15353,67.81,15830,68.46,15355,68.29,15576,68.38,15346,66.14,16381,68.89,16971,69.15,16987,66.67,18520,71.27,18770,70.17,19115,69.69,-1.65
UKI63,14223,96.73,14981,98.09,15733,99.84,16528,99.64,16607,96.69,17349,96.74,18438,97.53,19057,96.76,19926,96.22,20841,95.96,22363,98.78,22840,98.77,21215,94.35,21937,96.3,22282,96.03,23267,97.84,23640,96.33,24682,96.87,23537,90.57,24415,91.27,24901,90.78,-5.95
UKJ45,14286,97.16,14777,96.75,15144,96.1,15386,92.75,15970,92.98,16991,94.74,18258,96.58,18673,94.81,20028,96.71,20475,94.28,21304,94.1,22174,95.89,21277,94.62,21479,94.29,21463,92.5,22011,92.56,22123,90.15,22091,86.7,22960,88.35,24015,89.78,24205,88.24,-8.91
UKD45,15217,103.49,15698,102.78,16011,101.61,16417,98.97,16806,97.85,17814,99.33,18740,99.13,19812,100.59,20621,99.58,21181,97.53,22455,99.18,22897,99.02,22751,101.18,23082,101.33,22849,98.48,23439,98.57,24579,100.15,24758,97.17,28703,110.45,30805,115.16,31742,115.72,12.23
UKJ12,21473,146.04,22109,144.76,22870,145.13,23942,144.33,25128,146.31,26863,149.79,29403,155.53,29580,150.18,29255,141.27,30616,140.97,32918,145.4,34788,150.44,33017,146.83,34346,150.78,35843,154.48,36120,151.89,37000,150.77,39675,155.71,42253,162.59,46070,172.23,46074,167.97,21.93
UKE13,14373,97.75,14985,98.11,14157,89.84,14066,84.8,14583,84.91,15771,87.94,16714,88.41,16759,85.09,17984,86.84,18568,85.5,20310,89.71,19956,86.3,21680,96.42,20748,91.08,20994,90.48,20152,84.74,19765,80.54,20955,82.24,22718,87.42,22399,83.74,22404,81.68,-16.07
UKH16,12272,83.46,12390,81.12,13009,82.55,13515,81.47,14031,81.69,14492,80.81,15063,79.68,15659,79.5,16225,78.35,16515,76.04,16572,73.2,17184,74.31,16740,74.45,17126,75.18,17438,75.16,18238,76.69,18589,75.75,19199,75.35,19496,75.02,20364,76.13,20680,75.39,-8.07
UKJ37,16405,111.57,17094,111.92,17674,112.16,18722,112.86,19505,113.57,20928,116.69,21036,111.27,22572,114.6,23538,113.66,24473,112.69,26395,116.59,27217,117.7,26123,116.17,26589,116.73,26863,115.78,27090,113.92,28715,117.01,29837,117.1,30002,115.45,30024,112.24,29650,108.09,-3.47
UKF25,13038,88.67,13243,86.71,13937,88.44,14628,88.18,14689,85.53,14899,83.08,15746,83.29,16119,81.84,16575,80.04,17665,81.34,18460,81.54,19130,82.73,17996,80.03,18711,82.14,18453,79.53,17896,75.26,19305,78.66,19050,74.76,19467,74.91,20581,76.94,21093,76.9,-11.77
UKF15,10635,72.33,11140,72.94,11555,73.33,11869,71.55,11994,69.83,12437,69.35,12917,68.33,13476,68.42,14593,70.47,15333,70.6,15961,70.5,16349,70.7,15345,68.24,15795,69.34,16848,72.61,16954,71.3,17047,69.46,17952,70.46,18002,69.27,18492,69.13,18816,68.6,-3.73
UKE22,13204,89.8,13468,88.18,13624,86.46,14475,87.26,15038,87.56,16564,92.36,17690,93.57,17889,90.83,18488,89.28,18942,87.22,19805,87.48,20113,86.98,19233,85.53,19448,85.38,20079,86.54,20421,85.87,21455,87.43,21923,86.04,21898,84.27,22430,83.85,22915,83.54,-6.26
UKC21,10087,68.6,10187,66.7,9813,62.27,10346,62.37,10694,62.26,11727,65.39,12308,65.1,12671,64.33,13358,64.5,13889,63.95,14073,62.16,14400,62.27,13825,61.48,13835,60.74,14251,61.42,14490,60.93,15036,61.27,16099,63.18,16274,62.62,16322,61.02,16588,60.47,-8.13
UKH15,13800,93.85,14288,93.55,14808,93.97,15117,91.13,15686,91.33,16253,90.63,17296,91.49,18538,94.12,19943,96.3,21279,97.98,21244,93.83,21014,90.88,21128,93.96,20228,88.8,20236,87.22,21291,89.53,21599,88.01,22164,86.99,22245,85.6,23270,86.99,22926,83.58,-10.27
UKF14,18373,124.95,19144,125.35,18759,119.04,19394,116.92,20829,121.28,21235,118.41,21310,112.72,22947,116.51,23925,115.53,23756,109.38,24562,108.49,25755,111.38,25797,114.72,25942,113.89,26076,112.39,25987,109.28,25942,105.71,27015,106.02,27477,105.73,28376,106.08,29487,107.5,-17.45
UKJ14,17081,116.17,17945,117.49,18887,119.86,19832,119.56,20496,119.34,21948,122.38,23206,122.75,23279,118.19,24052,116.14,24595,113.25,25456,112.44,26441,114.34,26141,116.25,26797,117.64,27546,118.72,28549,120.05,29756,121.25,30920,121.35,32563,125.3,33709,126.02,34103,124.33,8.16
UKH11,16565,112.66,16902,110.67,17668,112.12,17874,107.75,18267,106.36,19341,107.85,20497,108.42,21923,111.31,22561,108.94,24455,112.6,25716,113.59,24757,107.06,24471,108.83,24587,107.94,24224,104.4,25565,107.51,25960,105.78,27172,106.64,27520,105.9,28527,106.65,29023,105.81,-6.85
UKK41,12304,83.68,12717,83.26,13068,82.93,13794,83.16,14201,82.68,14541,81.08,15083,79.78,16014,81.31,16567,80,17457,80.38,18041,79.69,17889,77.36,17299,76.93,17875,78.47,17969,77.45,18920,79.56,19736,80.42,19899,78.1,19830,76.31,20387,76.22,20657,75.31,-8.37
UKJ31,17073,116.11,17860,116.94,17860,113.34,18654,112.45,20383,118.68,21442,119.56,21201,112.14,21926,111.32,21963,106.06,22507,103.63,24027,106.13,24554,106.18,24215,107.69,25444,111.7,23777,102.48,24886,104.65,25712,104.77,26137,102.58,26149,100.62,26333,98.44,26951,98.25,-17.86
UKI53,10458,71.12,10893,71.32,11399,72.34,11835,71.35,12228,71.2,12705,70.84,13465,71.22,13992,71.04,14661,70.8,15205,70.01,15742,69.53,15863,68.6,14511,64.53,14555,63.9,14866,64.07,16000,67.28,16515,67.3,17105,67.13,16935,65.17,16956,63.39,17599,64.16,-6.96
UKG37,12837,87.3,13398,87.72,13074,82.97,13623,82.13,13807,80.39,14540,81.08,14402,76.18,14917,75.74,15454,74.62,16140,74.32,16917,74.72,16740,72.39,15955,70.96,16200,71.12,16103,69.4,17071,71.79,17348,70.69,18485,72.55,18074,69.55,18980,70.96,19198,69.99,-17.31
UKD73,9811,66.72,10358,67.82,10986,69.72,11354,68.45,11710,68.18,12991,72.44,12932,68.41,14009,71.13,13899,67.12,14859,68.42,14919,65.9,15120,65.39,15028,66.83,15072,66.17,14877,64.12,14347,60.33,14553,59.3,14635,57.44,15163,58.35,15556,58.16,15795,57.58,-9.14
UKE32,11995,81.58,12718,83.27,12649,80.27,13124,79.12,14154,82.41,15230,84.92,15840,83.79,16678,84.68,17234,83.22,17884,82.35,19094,84.34,18967,82.02,19058,84.75,18978,83.31,19022,81.98,19424,81.68,19687,80.22,19861,77.95,20565,79.14,21143,79.04,21413,78.06,-3.51
UKG22,11817,80.37,12382,81.07,12872,81.69,12887,77.69,13158,76.61,14062,78.41,15468,81.82,16169,82.09,16404,79.21,16478,75.87,16733,73.91,17812,77.03,17610,78.32,17664,77.55,18000,77.58,18475,77.69,19169,78.11,19610,76.96,19510,75.08,19593,73.25,20156,73.48,-6.88
UKG32,17453,118.7,18217,119.28,18585,117.94,18711,112.8,19690,114.64,21123,117.78,22643,119.77,22926,116.4,24403,117.84,25382,116.87,26583,117.42,25419,109.92,24319,108.15,24384,107.05,24818,106.96,27001,113.54,27400,111.65,29529,115.89,32586,125.39,35435,132.47,36042,131.4,12.7
UKK23,12420,84.47,12312,80.61,12977,82.35,13449,81.08,13629,79.35,14055,78.37,14709,77.8,15464,78.51,16638,80.34,17630,81.18,17706,78.21,18142,78.46,17623,78.37,17987,78.96,18220,78.53,18528,77.91,19078,77.74,20075,78.79,20543,79.05,21096,78.87,21295,77.63,-6.83
UKF13,12167,82.75,12243,80.16,12618,80.07,11993,72.3,12513,72.86,12940,72.15,13548,71.66,14490,73.57,15236,73.57,16070,73.99,16187,71.5,16311,70.54,14922,66.36,15986,70.18,17042,73.45,17425,73.28,18406,75,18553,72.81,18614,71.63,19331,72.27,19903,72.56,-10.19
UKJ35,14132,96.11,14565,95.36,14800,93.92,15326,92.39,16124,93.88,17061,95.13,17271,91.36,18238,92.6,19013,91.81,19678,90.61,20706,91.46,21060,91.07,20528,91.29,21033,92.34,21509,92.7,22300,93.78,22354,91.09,22315,87.58,23396,90.03,22909,85.64,23863,87,-9.11
UKF16,10102,68.7,10233,67,11051,70.13,11771,70.96,12042,70.11,12649,70.53,12874,68.1,12833,65.16,14398,69.53,15174,69.87,15266,67.43,15182,65.65,14804,65.84,14594,64.07,14686,63.3,15155,63.73,16250,66.22,16836,66.08,16977,65.33,17110,63.97,17629,64.27,-4.43
UKC12,9963,67.76,10298,67.43,10885,69.08,11173,67.36,10998,64.03,11854,66.1,12372,65.44,14209,72.14,14482,69.93,14921,68.7,15586,68.84,16032,69.33,15891,70.67,16451,72.22,16266,70.11,15872,66.75,16533,67.37,16594,65.13,16631,64,16734,62.56,17002,61.98,-5.77
UKJ32,17978,122.27,18285,119.72,17460,110.8,17213,103.77,18155,105.71,19590,109.23,20684,109.41,21619,109.76,22520,108.74,22551,103.84,24218,106.97,23288,100.71,22333,99.32,21597,94.81,21650,93.31,21797,91.66,23253,94.75,24187,94.93,24724,95.14,24517,91.66,25980,94.71,-27.55
UKH31,11313,76.94,11826,77.43,12088,76.71,12954,78.09,13453,78.33,14345,79.99,15028,79.49,15207,77.21,15167,73.24,15872,73.08,16437,72.6,16815,72.72,16737,74.43,16470,72.3,16008,68.99,16241,68.3,16475,67.13,17455,68.5,17662,67.96,17771,66.44,17899,65.25,-11.68
UKG24,11731,79.78,12388,81.11,12373,78.52,12674,76.4,13133,76.47,13886,77.43,14291,75.59,15202,77.18,15838,76.48,16568,76.29,17003,75.1,17566,75.96,16388,72.88,16653,73.11,16851,72.63,16856,70.88,17257,70.32,17943,70.42,18740,72.11,18913,70.71,19374,70.63,-9.15
UKG23,12280,83.51,12873,84.29,12853,81.56,13051,78.68,12957,75.44,12982,72.39,13950,73.79,14604,74.15,14874,71.82,15684,72.22,15498,68.45,16269,70.36,15981,71.07,16876,74.09,17378,74.9,18284,76.89,18706,76.22,18927,74.28,19888,76.53,20478,76.56,21067,76.8,-6.71
UKH14,14097,95.87,14117,92.43,13888,88.13,15071,90.85,15758,91.75,16431,91.62,17214,91.06,17656,89.64,17931,86.59,19189,88.36,19589,86.52,20160,87.18,19310,85.88,19779,86.83,20130,86.76,20603,86.64,21347,86.99,21990,86.3,22287,85.76,22794,85.21,23350,85.13,-10.75
UKC23,10985,74.71,11393,74.6,11160,70.82,11794,71.1,12993,75.65,13979,77.95,14598,77.22,15651,79.46,17273,83.41,17445,80.33,17877,78.96,17881,77.33,17339,77.11,17377,76.29,17504,75.44,18335,77.1,19076,77.73,20360,79.91,20901,80.43,21718,81.19,22368,81.55,6.84
UKK14,22629,153.9,23535,154.1,23838,151.28,24082,145.18,25516,148.56,25545,142.44,25545,135.12,26285,133.45,27761,134.05,28881,132.98,30229,133.52,30325,131.14,29730,132.22,28366,124.53,28765,123.98,28832,121.24,29811,121.47,29658,116.4,30085,115.77,32276,120.66,32418,118.18,-35.71
UKG21,15583,105.98,16032,104.97,15660,99.38,15227,91.8,15385,89.58,16578,92.44,16830,89.02,17761,90.18,18214,87.95,19126,88.07,19669,86.88,19996,86.47,18831,83.75,19105,83.87,19952,85.99,21249,89.36,21346,86.98,21495,84.36,21975,84.56,22386,83.69,22783,83.06,-22.92
UKH32,15374,104.56,16096,105.39,15290,97.03,15095,91,15241,88.74,15961,89,18019,95.31,19335,98.17,18445,89.07,19388,89.27,18193,80.36,18258,78.96,18870,83.92,18006,79.05,19292,83.15,17288,72.7,18400,74.98,19131,75.08,19968,76.84,20652,77.21,21080,76.85,-27.71
UKK42,11829,80.45,11654,76.3,11512,73.05,11482,69.22,11481,66.85,11447,63.83,12431,65.76,13467,68.37,13746,66.38,14585,67.16,14649,64.7,15056,65.11,14194,63.12,14689,64.48,14696,63.34,14940,62.83,15207,61.97,15564,61.08,15579,59.95,15738,58.84,16204,59.07,-21.37
UKI42,47834,325.31,48384,316.79,47720,302.83,52180,314.56,52783,307.32,54196,302.2,59616,315.35,66450,337.38,76697,370.36,79451,365.83,89264,394.28,86101,372.34,86273,383.67,81005,355.61,92618,399.18,89295,375.5,90582,369.1,95541,374.96,95209,366.37,94591,353.62,96309,351.11,25.8
UKC22,11369,77.32,11964,78.33,12367,78.48,12803,77.18,13829,80.52,14835,82.72,15652,82.79,17002,86.32,18121,87.5,18859,86.84,18966,83.77,19617,84.83,18786,83.55,19123,83.95,20121,86.72,20407,85.82,20719,84.43,21255,83.42,22210,85.47,22710,84.9,23257,84.79,7.47
UKE45,11430,77.73,11951,78.25,12590,79.9,12892,77.72,13093,76.23,13606,75.87,14825,78.42,15595,79.18,16093,77.71,16727,77.02,17235,76.13,17568,75.97,17339,77.11,17931,78.72,18158,78.26,18933,79.62,19596,79.85,19502,76.54,20543,79.05,21090,78.84,21637,78.88,1.15
UKG38,10822,73.6,11492,75.24,11752,74.58,12170,73.37,12279,71.49,12459,69.47,12331,65.23,13294,67.5,13895,67.1,14148,65.14,14268,63.02,14227,61.52,13776,61.26,14427,63.33,14924,64.32,15332,64.47,15886,64.73,16930,66.44,17364,66.82,17930,67.03,18551,67.63,-5.97
UKI34,20409,138.8,21251,139.14,22283,141.41,24066,145.08,24766,144.2,25209,140.57,25797,136.46,26854,136.34,28586,138.04,29589,136.24,32823,144.98,34516,149.26,31777,141.32,31793,139.57,32963,142.07,35686,150.07,37028,150.88,38159,149.76,38475,148.05,39137,146.31,40134,146.31,7.52
UKD61,16557,112.6,17694,115.85,18203,115.52,19358,116.7,21627,125.92,22857,127.45,24013,127.02,24003,121.87,25919,125.16,28537,131.4,29165,128.82,27708,119.82,27086,120.46,27946,122.68,27324,117.77,30294,127.39,29383,119.73,31197,122.44,29543,113.68,31167,116.52,32119,117.09,4.49
UKG13,15754,107.14,16165,105.84,17092,108.47,16833,101.48,16992,98.93,17860,99.59,18535,98.04,18824,95.57,19947,96.32,21496,98.98,21527,95.08,22294,96.41,21387,95.11,22127,97.14,22941,98.88,24452,102.83,26584,108.32,27857,109.33,29474,113.42,29994,112.13,30738,112.06,4.92
UKD11,11667,79.35,12186,79.79,11704,74.27,11780,71.02,11785,68.62,12494,69.67,13461,71.2,13732,69.72,13622,65.78,15649,72.06,16185,71.49,17564,75.96,18196,80.92,18800,82.53,18926,81.57,19413,81.64,20273,82.61,21239,83.36,22477,86.49,22390,83.7,23284,84.89,5.54
UKH35,14070,95.69,14278,93.49,14392,91.33,15376,92.69,16484,95.98,17123,95.48,18678,98.8,18851,95.71,19547,94.39,20513,94.45,21389,94.47,21812,94.33,20317,90.35,21301,93.51,21272,91.68,21347,89.77,21750,88.63,24003,94.2,25097,96.58,25428,95.06,26491,96.58,0.89
UKJ46,14315,97.35,14804,96.93,15162,96.22,15443,93.1,16174,94.17,17224,96.04,18307,96.84,18820,95.55,20519,99.08,21063,96.98,21685,95.78,22952,99.26,22057,98.09,22519,98.86,22840,98.44,23436,98.55,24185,98.55,25690,100.82,27414,105.49,27540,102.96,28665,104.5,7.15
UKF24,15107,102.74,15425,101,16290,103.38,17518,105.61,17615,102.56,17782,99.15,18963,100.31,19538,99.2,20062,96.88,21329,98.21,22778,100.61,23073,99.78,21981,97.75,23054,101.21,22494,96.95,23306,98.01,24502,99.84,25265,99.16,25108,96.62,26604,99.46,27528,100.36,-2.38
UKJ25,19484,132.51,20629,135.07,22653,143.76,23596,142.25,24106,140.36,24777,138.16,25864,136.81,25274,128.32,26004,125.57,27622,127.18,28665,126.61,29960,129.56,28934,128.68,29530,129.64,29484,127.08,31472,132.35,32840,133.82,33767,132.52,35071,134.96,35155,131.43,35780,130.44,-2.07
UKJ28,17469,118.8,17974,117.68,18659,118.41,19345,116.62,20297,118.18,21054,117.4,21523,113.85,21764,110.5,22283,107.6,23813,109.65,24065,106.29,25411,109.89,25183,111.99,25538,112.11,24716,106.53,26110,109.8,27563,112.31,28962,113.67,30121,115.91,30534,114.15,31059,113.23,-5.57
UKJ27,14332,97.47,14906,97.6,15126,95.99,15738,94.88,16648,96.93,17195,95.88,17628,93.25,18055,91.67,18575,89.7,19849,91.39,19823,87.56,20290,87.74,19918,88.58,20829,91.44,20565,88.63,21230,89.28,21588,87.97,21512,84.43,21885,84.22,22071,82.51,22613,82.44,-15.03
UKI32,106506,724.33,112386,735.85,114519,726.74,121261,731.02,122819,715.1,125087,697.49,131223,694.12,135105,685.95,142391,687.58,147310,678.29,163682,722.98,176599,763.7,183065,814.13,187115,821.44,194730,839.28,199237,837.83,209182,852.38,225703,885.8,222898,857.73,238941,893.27,250030,911.52,187.19
UKK15,13746,93.48,13780,90.22,14085,89.38,14582,87.91,15353,89.39,16085,89.69,16163,85.5,16812,85.36,17238,83.24,17999,82.88,19009,83.96,19770,85.5,19197,85.37,19583,85.97,19172,82.63,19425,81.69,19669,80.15,21125,82.91,21456,82.56,21950,82.06,22742,82.91,-10.58
UKD74,9192,62.51,9828,64.35,10006,63.5,10351,62.4,10591,61.67,11412,63.63,12241,64.75,12173,61.8,12419,59.97,13157,60.58,13323,58.85,13846,59.88,13420,59.68,13308,58.42,13946,60.11,13217,55.58,13697,55.81,14113,55.39,14733,56.69,14705,54.97,15164,55.28,-7.23
UKG39,12361,84.07,13060,85.51,13642,86.57,14151,85.31,14488,84.36,14854,82.83,14805,78.31,15923,80.84,16824,81.24,17194,79.17,17413,76.91,17219,74.46,16832,74.86,17603,77.28,17817,76.79,18275,76.85,18413,75.03,18560,72.84,18001,69.27,18255,68.25,19021,69.34,-14.72
UKG12,11391,77.47,12370,80.99,13841,87.83,14765,89.01,14503,84.44,14285,79.65,15719,83.15,17165,87.15,17000,82.09,18028,83.01,17586,77.68,17746,76.74,16954,75.4,17299,75.94,18029,77.7,18705,78.66,19359,78.88,20188,79.23,21165,81.44,21634,80.88,22584,82.33,4.86
UKE21,16255,110.55,16666,109.12,16712,106.05,17682,106.6,18716,108.97,20591,114.82,21961,116.17,22912,116.33,22533,108.81,22728,104.65,24182,106.81,23819,103.01,23458,104.32,22990,100.93,23445,101.05,23924,100.61,24255,98.83,24318,95.44,23773,91.48,24146,90.27,25130,91.62,-18.93
